id,name,base_skill_id,skill_level,skill_number,consume_mp,consume_hp,consume_item_id,consume_amount,remove_delay,reuse_delay,buff_duration,target,target_to,damage_value,damage_dice,damage_dice_count,probability_value,probability_dice,mr_value,mr_dice,probability_max,attr,type,lawful,ranged,area,through,skill_id,name_id,action_id,cast_gfx,cast_gfx_violet,cast_gfx2,sys_msg_id_happen,sys_msg_id_stop,sys_msg_id_fail,can_cast_with_invis,can_use_silence,ignores_counter_magic,ignores_absolute_barrier,is_user_target,is_buff,impl
1,ヒール,-1,1,0,4,0,0,0,0,10,0,buff,3,2,4,0,0,0,0,0,-1,4,16,0,-1,0,0,1,$1436,19,11722,-1,-1,77,0,280,1,0,1,0,0,0,\N
2,ライト,-1,1,1,4,0,0,0,0,10,3600,none,0,0,0,0,0,0,0,0,-1,16,2,0,0,0,0,2,$1437,19,2510,-1,-1,0,0,0,1,0,1,0,0,1,L1Light
3,シールド,-1,1,2,8,0,0,0,0,10,1800,none,0,0,0,0,0,0,0,0,-1,0,2,0,0,0,0,4,$1438,19,221,-1,-1,0,0,0,1,0,1,0,0,1,\N
4,エネルギー ボルト,-1,1,3,3,0,0,0,0,10,0,attack,3,8,10,1,0,0,0,0,-1,16,64,0,10,0,0,8,$1439,18,167,-1,-1,0,0,0,0,0,0,0,0,0,\N
5,テレポート,-1,1,4,10,0,0,0,0,10,0,none,0,0,0,0,0,0,0,0,-1,0,128,0,0,0,0,16,$1440,19,169,-1,-1,0,0,0,1,0,1,0,0,0,\N
6,アイス ダガー,-1,1,5,4,0,0,0,0,10,0,attack,3,10,10,1,0,0,0,0,-1,4,64,0,10,0,0,32,$1966,18,1797,-1,-1,0,0,0,0,0,0,0,0,0,\N
7,ウィンド カッター,-1,1,6,4,0,0,0,0,10,0,attack,3,10,10,1,0,0,0,0,-1,8,64,0,10,0,0,64,$1967,18,1799,-1,-1,0,0,0,0,0,0,0,0,0,\N
8,ホーリー ウェポン,-1,1,7,10,0,0,0,0,0,1200,buff,3,0,0,0,0,0,0,0,-1,0,2,0,-1,0,0,128,$1977,19,2165,-1,-1,0,0,0,1,0,1,0,0,0,\N
9,キュア ポイズン,-1,2,0,15,0,0,0,0,0,0,buff,3,0,0,0,0,0,0,0,-1,0,2,0,-1,0,0,1,$1441,19,871,-1,-1,211,0,280,1,0,1,0,0,0,\N
10,チル タッチ,-1,2,1,8,0,0,0,0,0,0,attack,3,10,10,2,0,0,0,0,-1,4,64,-2,3,0,0,2,$1442,18,11767,-1,-1,0,0,0,0,0,0,0,0,0,\N
11,カーズ ポイズン,-1,2,2,10,0,40318,1,0,0,30,buff,3,0,0,0,30,12,0,0,99,4,4,-10,1,0,0,4,$1443,19,10705,-1,-1,0,0,280,0,0,0,0,0,0,\N
12,エンチャント ウェポン,-1,2,3,20,0,0,0,0,0,1800,none,0,0,0,0,0,0,0,0,-1,2,2,0,0,0,0,8,$1444,19,747,-1,-1,0,0,0,1,0,1,0,0,0,\N
13,ディテクション,-1,2,4,15,0,0,0,0,500,0,none,3,0,0,0,0,0,0,0,-1,0,2,0,0,-1,0,16,$1445,19,749,-1,-1,0,0,0,1,0,1,0,0,0,\N
14,ディクリース ウェイト,-1,2,5,10,50,0,0,0,0,1800,none,0,0,0,0,0,0,0,0,-1,0,2,0,0,0,0,32,$1978,19,2170,-1,-1,0,0,0,1,0,1,0,0,1,L1MarkerSkill
15,ファイアー アロー,-1,2,6,6,0,0,0,0,0,0,attack,3,10,10,2,0,0,0,0,-1,2,64,0,10,0,0,64,$1968,18,1583,-1,-1,0,0,0,0,0,0,0,0,0,\N
16,スタラック,-1,2,7,6,0,0,0,0,0,0,attack,3,10,10,2,0,0,0,0,-1,1,64,0,10,0,0,128,$1969,18,1801,-1,-1,0,0,0,0,0,0,0,0,0,\N
17,ライトニング,-1,3,0,20,0,0,0,0,1000,0,attack,3,0,10,4,0,0,0,0,-1,8,64,0,6,0,0,1,$1446,18,170,-1,-1,0,0,0,0,0,0,0,0,0,\N
18,ターン アンデッド,-1,3,1,20,0,0,0,0,0,0,attack,2,0,0,0,15,4,0,0,98,1,4,0,10,0,0,2,$1970,19,754,-1,-1,0,0,280,0,0,0,0,0,0,\N
19,エキストラ ヒール,-1,3,2,15,0,0,0,0,0,0,buff,3,4,8,0,0,0,0,0,-1,4,16,0,-1,0,0,4,$1448,19,11723,-1,-1,77,0,280,1,0,1,0,0,0,\N
20,カーズ ブラインド,-1,3,3,20,0,0,0,0,500,16,buff,3,0,0,0,40,5,0,0,99,0,4,-10,1,0,0,8,$1449,19,10703,-1,-1,0,0,280,0,0,0,1,0,0,\N
21,ブレスド アーマー,-1,3,4,20,0,0,0,0,0,1800,none,0,0,0,0,0,0,0,0,-1,0,2,0,0,0,0,16,$1450,19,748,-1,-1,0,0,0,1,0,1,0,0,0,\N
22,フローズン クラウド,-1,3,5,20,0,0,0,0,300,0,attack,3,0,4,8,0,0,0,0,-1,4,64,0,6,3,0,32,$1447,18,1804,-1,-1,0,0,0,0,0,0,0,0,0,\N
23,ウィーク エレメンタル,-1,3,6,8,0,0,0,0,0,0,buff,2,0,0,0,0,0,0,0,-1,0,128,0,-1,0,0,64,$1979,19,2510,-1,-1,0,0,280,0,0,0,0,0,0,\N
24,none,-1,3,7,0,0,0,0,0,0,0,none,0,0,0,0,0,0,0,0,-1,0,0,0,0,0,0,128,,19,189,-1,-1,0,0,0,0,0,0,0,0,0,\N
25,ファイアー ボール,-1,4,0,20,0,0,0,0,1000,0,attack,3,0,9,5,0,0,0,0,-1,2,64,0,6,3,0,1,$1451,18,171,-1,-1,0,0,0,0,0,0,0,0,0,\N
26,フィジカル エンチャント：DEX,-1,4,1,50,0,0,0,0,0,1200,buff,4,0,0,0,0,0,0,0,-1,8,2,0,-1,0,0,2,$1452,19,750,-1,-1,294,0,280,1,0,1,1,0,1,\N
27,ウェポン ブレイク,-1,4,2,32,0,40318,1,0,3000,0,buff,3,0,0,0,40,5,0,0,90,2,4,-10,4,0,0,4,$1453,19,172,-1,-1,0,0,280,0,0,0,1,0,0,\N
28,バンパイアリック タッチ,-1,4,3,12,0,0,0,0,100,0,attack,3,15,10,3,0,0,0,0,-1,4,64,-5,4,0,0,8,$1454,18,11769,-1,-1,0,0,0,0,0,0,0,0,0,\N
29,スロー,-1,4,4,20,0,40318,1,0,1000,64,buff,3,0,0,0,40,5,0,0,99,8,1,0,-1,0,0,16,$1455,19,752,-1,-1,277,0,280,0,0,0,1,0,0,\N
30,アース ジェイル,-1,4,5,24,0,0,0,0,400,0,attack,3,0,8,5,0,0,0,0,-1,1,64,0,8,3,0,32,$1971,18,1805,-1,-1,0,0,0,0,0,0,0,0,0,\N
31,カウンター マジック,-1,4,6,20,0,40318,1,0,0,16,none,0,0,0,0,0,0,0,0,-1,0,2,0,0,0,0,64,$1980,19,10701,-1,10702,0,0,0,1,0,1,0,0,0,\N
32,メディテーション,-1,4,7,5,30,0,0,0,0,640,none,0,0,0,0,0,0,0,0,-1,0,2,0,0,0,0,128,$1981,19,2173,-1,-1,0,0,0,1,0,1,0,0,1,L1MarkerSkill
33,カーズ パラライズ,-1,5,0,80,0,40318,2,0,5000,4,buff,3,0,0,0,20,4,0,0,80,1,4,-500,1,0,0,1,$1456,19,10704,-1,-1,0,0,280,0,0,0,0,0,0,\N
34,コール ライトニング,-1,5,1,18,0,0,0,0,1000,0,attack,3,40,8,5,0,0,0,0,-1,8,64,0,6,0,0,2,$1457,18,11736,11737,-1,0,0,0,0,0,0,0,0,0,\N
35,グレーター ヒール,-1,5,2,20,0,0,0,0,200,0,buff,3,10,8,0,0,0,0,0,-1,4,16,0,-1,0,0,4,$1458,19,11724,-1,-1,77,0,280,1,0,1,0,0,0,\N
36,テイミング モンスター,-1,5,3,30,20,40318,1,0,0,3600,buff,2,0,0,0,10,2,0,0,45,0,1,0,-1,0,0,8,$1459,19,228,-1,-1,0,324,280,0,0,0,0,0,0,\N
37,リムーブ カーズ,-1,5,4,20,0,0,0,0,0,0,buff,3,0,0,0,0,0,0,0,-1,8,2,0,-1,0,0,16,$1460,19,227,-1,-1,155,0,280,1,0,1,1,0,0,\N
38,コーン オブ コールド,-1,5,5,18,0,0,0,0,400,0,attack,3,40,6,5,0,0,0,0,-1,4,64,0,6,0,0,32,$1972,18,11738,11742,-1,0,0,0,0,0,0,0,0,0,\N
39,マナ ドレイン,-1,5,6,1,50,0,0,0,400,0,buff,3,0,0,0,50,5,0,0,99,0,1,0,4,0,0,64,$1982,19,2171,-1,-1,690,0,280,0,0,0,0,0,0,\N
40,ダークネス,-1,5,7,15,0,40318,1,0,0,32,buff,3,0,0,0,50,5,0,0,99,0,1,-10,3,0,0,128,$1983,19,2175,-1,-1,0,0,280,0,0,0,1,0,0,\N
41,クリエイト ゾンビ,-1,6,0,5,80,40318,1,0,0,0,buff,2,0,0,0,0,0,0,0,-1,1,32,-10,-1,0,0,1,$1461,19,226,-1,-1,0,0,280,0,0,0,0,0,0,\N
42,フィジカル エンチャント：STR,-1,6,1,50,0,0,0,0,0,1200,buff,4,0,0,0,0,0,0,0,-1,2,2,0,-1,0,0,2,$1462,19,6342,-1,-1,292,0,280,1,0,1,1,0,1,\N
43,ヘイスト,-1,6,2,40,0,0,0,0,0,1200,buff,3,0,0,0,0,0,0,0,-1,8,2,0,-1,0,0,4,$1463,19,755,-1,-1,184,185,280,1,0,1,0,0,1,\N
44,キャンセレーション,-1,6,3,40,0,40318,2,0,0,0,buff,3,0,0,0,30,5,0,0,99,8,1,0,-1,0,0,8,$1464,19,870,-1,-1,0,0,280,1,0,1,1,0,0,\N
45,イラプション,-1,6,4,20,0,0,0,0,400,0,attack,3,50,3,5,0,0,0,0,-1,1,64,0,8,0,0,16,$1465,18,129,-1,-1,0,0,0,0,0,0,0,0,0,\N
46,サン バースト,-1,6,5,20,0,0,0,0,500,0,attack,3,40,5,16,0,0,0,0,-1,2,64,0,3,0,0,32,$1973,18,11758,11760,-1,0,0,0,0,0,0,0,0,0,\N
47,ウィークネス,-1,6,6,10,0,40318,1,0,500,64,buff,3,0,0,0,40,5,0,0,99,0,4,-10,3,0,0,64,$1984,19,2228,-1,-1,0,0,280,0,0,0,1,0,1,L1Weakness
48,ブレス ウェポン,-1,6,7,20,0,0,0,0,0,1200,buff,3,0,0,0,0,0,0,0,-1,0,2,0,-1,0,0,128,$1985,19,2176,-1,-1,0,0,0,1,0,1,1,0,0,\N
49,ヒール オール,-1,7,0,50,30,0,0,0,500,0,none,20,10,8,0,0,0,0,0,-1,4,16,0,0,-1,0,1,$1466,19,759,-1,832,0,0,0,1,0,1,0,0,0,\N
50,アイス ランス,-1,7,1,36,0,0,0,0,1000,16,attack,3,50,5,6,10,5,0,0,35,4,64,0,6,0,0,2,$1467,18,756,-1,-1,0,0,0,0,0,0,0,0,0,L1StatusIce
51,サモン モンスター,-1,7,2,30,30,40318,3,0,1000,0,none,0,0,0,0,0,0,0,0,-1,1,128,-10,0,0,0,4,$1468,19,2510,-1,-1,0,0,0,0,0,0,0,0,0,\N
52,ホーリー ウォーク,-1,7,3,15,0,0,0,0,0,64,none,0,0,0,0,0,0,0,0,-1,8,2,0,0,0,0,8,$1469,19,9786,-1,-1,0,0,0,1,0,1,0,0,1,\N
53,トルネード,-1,7,4,40,0,0,0,0,1000,0,none,3,20,10,5,0,0,0,0,-1,8,64,0,0,4,0,16,$1470,18,758,-1,-1,0,0,0,0,0,0,0,0,0,\N
54,グレーター ヘイスト,-1,7,5,60,0,0,0,0,0,2400,none,0,0,0,0,0,0,0,0,-1,8,2,0,0,0,0,32,$1976,19,3104,-1,-1,184,185,0,1,0,1,0,0,1,\N
55,バーサーカー,-1,7,6,40,0,0,0,0,0,320,buff,12,0,0,0,0,0,0,0,-1,0,2,0,-1,0,0,64,$1986,19,3943,-1,-1,0,0,280,1,0,1,1,0,1,L1Berserkers
56,ディジーズ,-1,7,7,10,0,40318,1,0,0,64,buff,3,0,0,0,50,5,0,0,99,0,4,-10,3,0,0,128,$1987,19,2230,-1,-1,0,0,280,0,0,0,1,0,1,L1Disease
57,フル ヒール,-1,8,0,48,0,0,0,0,500,0,buff,3,12,12,0,0,0,0,0,-1,12,16,0,-1,0,0,1,$1471,19,11725,-1,-1,77,0,280,1,0,1,0,0,0,\N
58,ファイアー ウォール,-1,8,1,60,0,0,0,0,0,10,attack,3,41,0,0,0,0,0,0,-1,2,64,0,8,0,0,2,$1472,18,168,-1,-1,0,0,0,0,0,0,0,0,0,\N
59,ブリザード,-1,8,2,60,10,0,0,0,1500,0,none,3,3,10,3,0,0,0,0,-1,4,64,-10,0,10,0,4,$1473,18,757,-1,-1,0,0,0,0,0,0,0,0,0,\N
60,インビジビリティ,-1,8,3,15,0,40318,1,0,0,0,none,0,0,0,0,0,0,0,0,-1,0,2,0,0,0,0,8,$1474,19,-1,-1,-1,0,0,0,1,0,1,0,0,0,\N
61,リザレクション,-1,8,4,50,0,0,0,0,0,0,buff,3,0,0,0,0,0,0,0,-1,0,32,0,-1,0,0,16,$1475,19,3944,-1,-1,0,0,280,1,0,1,0,0,0,\N
62,アース クエイク,-1,8,5,40,0,0,0,0,500,0,none,3,40,10,6,0,0,0,0,-1,1,64,0,0,3,0,32,$1974,18,1812,-1,-1,0,0,0,0,0,0,0,0,0,\N
63,ライフ ストリーム,-1,8,6,20,0,40318,1,0,0,320,buff,32,0,0,0,0,0,0,0,-1,0,2,0,-1,3,0,64,$1988,19,2231,-1,-1,0,0,0,1,0,1,0,0,0,\N
64,サイレンス,-1,8,7,20,0,40318,1,0,0,16,buff,3,0,0,0,40,4,0,0,99,0,1,0,3,0,0,128,$1989,19,2177,-1,-1,0,0,280,0,0,0,1,0,1,L1MarkerSkill
65,ライトニング ストーム,-1,9,0,48,0,0,0,0,500,0,attack,3,35,10,5,0,0,0,0,-1,8,64,0,10,3,0,1,$1476,18,3924,-1,-1,0,0,0,0,0,0,0,0,0,\N
66,フォグ オブ スリーピング,-1,9,1,40,0,40318,1,0,1500,32,buff,3,0,0,0,30,3,0,0,95,4,4,-50,10,3,0,2,$1477,19,760,-1,-1,0,0,280,0,0,0,0,0,0,L1StatusSleep
67,シェイプ チェンジ,-1,9,2,80,0,40318,1,0,0,7200,buff,1,0,0,0,0,0,0,0,-1,0,2,0,-1,0,0,4,$1478,19,230,-1,-1,0,0,280,1,0,1,0,0,1,\N
68,イミューン トゥ ハーム,-1,9,3,30,0,40318,2,0,1500,32,buff,4,0,0,0,0,0,0,0,-1,0,2,0,-1,0,0,8,$1479,19,228,-1,-1,314,315,280,1,0,1,1,0,0,\N
69,マス テレポート,-1,9,4,60,0,40318,1,0,0,0,none,4,0,0,0,0,0,0,0,-1,0,128,0,0,2,0,16,$1480,19,2236,-1,-1,0,0,0,1,0,1,1,0,0,\N
70,ファイアー ストーム,-1,9,5,48,0,0,0,0,400,0,none,3,30,15,8,0,0,0,0,-1,2,64,0,0,3,0,32,$1975,18,1819,-1,-1,0,0,0,0,0,0,0,0,0,\N
71,ディケイ ポーション,-1,9,6,20,0,40318,2,0,500,16,buff,3,0,0,0,40,4,0,0,95,0,1,0,3,0,0,64,$1990,19,2232,-1,-1,0,0,280,0,0,0,1,0,1,L1MarkerSkill
72,カウンター ディテクション,-1,9,7,30,0,0,0,0,0,0,none,3,30,10,4,0,0,0,0,-1,0,64,0,0,-1,0,128,$1991,19,3934,-1,-1,0,0,0,1,0,1,1,0,0,\N
73,クリエイト マジカル ウェポン,-1,10,0,200,0,40318,10,0,0,0,none,0,0,0,0,0,0,0,0,-1,2,0,0,0,0,0,1,$1481,19,763,-1,-1,685,0,0,1,0,1,0,0,0,\N
74,メテオ ストライク,-1,10,1,60,0,0,0,0,1500,0,attack,3,80,15,10,0,0,0,0,-1,2,64,0,10,3,0,2,$1482,18,762,-1,-1,0,0,0,0,0,0,0,0,0,\N
75,グレーター リザレクション,-1,10,2,100,0,40318,1,0,0,0,buff,3,0,0,0,0,0,0,0,-1,0,32,0,-1,0,0,4,$1483,19,3944,-1,-1,0,0,280,1,0,1,0,0,0,\N
76,マス スロー,-1,10,3,20,0,40318,2,0,3000,64,buff,3,0,0,0,30,5,0,0,99,1,1,0,-1,3,0,8,$1484,19,3932,-1,-1,0,0,280,0,0,0,0,0,0,\N
77,ディスインテグレート,-1,10,4,70,0,0,0,0,5000,0,attack,3,125,18,9,0,0,0,0,-1,16,64,1,10,0,0,16,$1485,18,11746,11748,-1,0,0,0,0,0,0,0,0,0,\N
78,アブソルート バリア,-1,10,5,30,0,40318,2,0,12000,12,none,0,0,0,0,0,0,0,0,-1,0,2,0,0,0,0,32,$1992,19,2234,-1,-1,0,0,0,1,0,1,0,0,1,L1AbsoluteBarrier
79,アドバンスド スピリッツ,-1,10,6,20,0,0,0,0,0,1800,buff,1,0,0,0,0,0,0,0,-1,0,2,0,-1,0,0,64,$1993,19,3935,-1,-1,0,0,280,1,0,1,1,0,0,\N
80,アイス スパイク,-1,10,7,30,0,0,0,0,2000,0,attack,3,50,3,5,0,0,0,0,-1,4,64,0,8,0,0,128,$1994,18,3687,-1,-1,0,0,0,0,0,0,0,0,0,\N
81,none,-1,7,0,0,0,0,0,0,0,0,none,0,0,0,0,0,0,0,0,-1,0,0,0,0,0,0,0,,19,-1,-1,-1,0,0,0,0,0,0,0,0,0,\N
82,none,-1,7,0,0,0,0,0,0,0,0,none,0,0,0,0,0,0,0,0,-1,0,0,0,0,0,0,10,,19,-1,-1,-1,0,0,0,0,0,0,0,0,0,\N
83,none,-1,7,0,0,0,0,0,0,0,0,none,0,0,0,0,0,0,0,0,-1,0,0,0,0,0,0,3,,19,-1,-1,-1,0,0,0,0,0,0,0,0,0,\N
84,none,-1,7,0,0,0,0,0,0,0,0,none,0,0,0,0,0,0,0,0,-1,0,0,0,0,0,0,0,,19,-1,-1,-1,0,0,0,0,0,0,0,0,0,\N
85,none,-1,7,0,0,0,0,0,0,0,900,none,0,0,0,0,0,0,0,0,-1,0,0,0,0,0,0,0,,19,2059,-1,-1,0,0,0,0,0,0,0,0,0,\N
86,none,-1,7,0,0,0,0,0,0,0,30,none,0,0,0,0,0,0,0,0,-1,0,0,0,0,0,0,0,,19,760,-1,-1,0,0,0,0,0,0,0,0,0,\N
87,ショック スタン,-1,11,6,15,0,0,0,0,8000,0.5\,1\,1.5\,2\,2.5\,3,buff,3,0,0,0,50,50,0,0,99,0,1,0,1,0,0,64,,19,4434,-1,-1,0,0,280,0,1,1,0,0,0,L1StatusStun
88,リダクション アーマー,-1,11,7,5,50,0,0,0,3000,192,none,0,0,0,0,0,0,0,0,-1,0,2,0,0,0,0,128,,19,4824,-1,-1,0,0,0,1,1,1,0,0,0,\N
89,バウンス アタック,-1,12,0,10,60,0,0,0,5000,64,none,0,0,0,0,0,0,0,0,-1,0,2,0,0,0,0,1,,19,11728,-1,-1,0,0,0,1,1,1,0,0,0,\N
90,ソリッド キャリッジ,-1,12,1,10,100,0,0,0,3000,64,none,0,0,0,0,0,0,0,0,-1,0,2,0,0,0,0,2,,19,5831,-1,-1,0,0,0,1,1,1,0,0,0,\N
91,カウンター バリア,-1,12,2,10,100,0,0,0,0,64,none,0,0,0,0,20,0,0,0,-1,0,2,0,0,0,0,4,,19,10709,-1,-1,0,0,0,1,1,1,0,0,0,\N
92,none,-1,7,0,0,0,0,0,0,0,1200,none,0,0,0,0,0,0,0,0,-1,0,0,0,0,0,0,0,,19,5906,-1,-1,0,0,0,0,0,0,0,0,0,\N
93,none,-1,7,0,0,0,0,0,0,0,1200,none,0,0,0,0,0,0,0,0,-1,0,0,0,0,0,0,0,,19,5907,-1,-1,0,0,0,0,0,0,0,0,0,\N
94,none,-1,7,0,0,0,0,0,0,0,1200,none,0,0,0,0,0,0,0,0,-1,0,0,0,0,0,0,0,,19,5908,-1,-1,0,0,0,0,0,0,0,0,0,\N
95,none,-1,7,0,0,0,0,0,0,0,1200,none,0,0,0,0,0,0,0,0,-1,0,0,0,0,0,0,0,,19,5909,-1,-1,0,0,0,0,0,0,0,0,0,\N
96,none,-1,7,0,0,0,0,0,0,0,1200,none,0,0,0,0,0,0,0,0,-1,0,0,0,0,0,0,0,,19,5910,-1,-1,0,0,0,0,0,0,0,0,0,\N
97,ブラインド ハイディング,-1,13,0,10,0,0,0,0,10000,32,none,0,0,0,0,0,0,0,0,-1,0,2,0,0,0,0,1,$2504,19,2941,-1,-1,0,0,0,1,0,1,0,0,0,\N
98,エンチャント ベノム,-1,13,1,10,1,40321,1,0,0,320,none,0,0,0,0,0,0,0,0,-1,0,2,0,0,0,0,2,$2505,19,2942,-1,-1,814,827,0,1,0,1,0,0,0,\N
99,シャドウ アーマー,-1,13,2,12,5,0,0,0,0,960,none,0,0,0,0,0,0,0,0,-1,0,2,0,0,0,0,4,$2506,19,2943,-1,-1,0,0,0,1,0,1,0,0,1,\N
100,ブリング ストーン,-1,13,3,5,0,0,0,0,0,0,none,0,0,0,0,0,0,0,0,-1,0,2,0,0,0,0,8,$2507,19,2944,-1,-1,0,0,0,1,0,1,0,0,0,\N
101,ムービング アクセレーション,-1,13,4,10,0,0,0,0,0,960,none,0,0,0,0,0,0,0,0,-1,0,2,0,0,0,0,16,$2508,19,2945,-1,-1,0,0,0,1,0,1,0,0,1,\N
102,バーニング スピリッツ,-1,13,5,20,0,0,0,0,3000,320,none,0,0,0,0,0,0,0,0,-1,0,2,0,0,0,0,32,$2509,19,11773,-1,-1,0,0,0,1,0,1,0,0,0,\N
103,シャドウ スリープ,66,13,6,20,0,40321,1,0,1000,3,buff,3,0,0,0,40,0,0,0,99,0,1,-10,3,0,0,64,$2510,19,9218,-1,-1,0,0,280,0,0,0,1,0,0,L1StatusSleep
104,ベノム レジスト,-1,13,7,20,0,0,0,0,0,320,none,0,0,0,0,0,0,0,0,-1,0,2,0,0,0,0,128,$2511,19,2948,-1,-1,0,0,0,1,0,1,0,0,1,L1MarkerSkill
105,ダブル ブレイク,-1,14,0,30,0,40321,1,0,0,192,none,0,0,0,0,0,0,0,0,-1,0,2,0,0,0,0,1,$2512,19,2949,-1,-1,823,829,0,1,0,1,0,0,0,\N
106,アンキャニー ドッジ,-1,14,1,20,0,0,0,0,0,192,none,0,0,0,0,0,0,0,0,-1,0,2,0,0,0,0,2,$2513,19,11765,11766,-1,0,0,0,1,0,1,0,0,0,\N
107,シャドウ ファング,-1,14,2,30,0,40321,1,0,0,192,none,0,0,0,0,0,0,0,0,-1,0,2,0,0,0,0,4,$2514,19,9779,-1,-1,0,0,0,1,0,1,0,0,0,\N
108,ファイナル バーン,-1,14,3,1,1,0,0,0,0,0,attack,3,0,0,0,0,0,0,0,-1,0,64,0,1,0,0,8,$2515,18,2952,-1,-1,0,0,0,0,0,0,0,0,0,\N
109,ドレス マイティー,-1,14,4,10,0,0,0,0,0,960,none,0,0,0,0,0,0,0,0,-1,0,2,0,0,0,0,16,,19,3909,-1,-1,292,293,0,1,0,1,0,0,1,\N
110,ドレス デクスタリティー,-1,14,5,10,0,0,0,0,0,960,none,0,0,0,0,0,0,0,0,-1,0,2,0,0,0,0,32,,19,3910,-1,-1,294,295,0,1,0,1,0,0,1,\N
111,ドレス イベイジョン,-1,14,6,15,0,0,0,0,0,32,none,0,0,0,0,0,0,0,0,-1,0,2,0,0,0,0,64,,19,3911,-1,-1,0,0,0,1,0,1,0,0,1,L1MarkerSkill
112,アーマー ブレイク,-1,14,7,40,30,40321,2,0,4000,8,buff,1,0,0,0,33,40,0,0,99,0,1,0,1,0,0,128,,19,3400,-1,-1,0,0,0,0,0,0,0,0,1,\N
113,トゥルーターゲット,-1,15,0,1,0,0,0,0,0,0,buff,3,0,0,0,0,0,0,0,-1,0,2,0,-1,0,0,1,$1995,19,1765,-1,-1,0,0,0,1,0,1,0,0,0,\N
114,グローイング ウェポン,-1,15,1,25,0,0,0,0,0,640,none,0,0,0,0,0,0,0,0,-1,0,2,0,0,0,0,2,$1996,19,2277,-1,-1,0,0,0,1,0,1,0,0,1,\N
115,シャイニング シールド,-1,15,2,25,0,0,0,0,0,640,none,0,0,0,0,0,0,0,0,-1,0,2,0,0,0,0,4,$1977,19,3941,-1,-1,0,0,0,1,0,1,0,0,1,\N
116,コールクラン,-1,15,3,30,0,0,0,0,0,0,buff,0,0,0,0,0,0,0,0,-1,0,2,0,0,0,0,8,,19,-1,-1,-1,0,0,280,1,0,1,0,0,0,\N
117,ブレイブ メンタル,-1,15,4,25,0,0,0,0,0,640,none,0,0,0,0,0,0,0,0,-1,0,2,0,0,-1,0,16,$3178,19,11772,-1,-1,0,0,0,1,0,1,0,0,1,\N
118,ラン クラン,-1,15,5,30,0,0,0,0,0,0,buff,0,0,0,0,0,0,0,0,-1,0,2,0,0,0,0,32,,19,-1,-1,-1,0,0,280,1,0,1,0,0,0,\N
119,ディバイン サクリファイス,-1,15,6,50,30,0,0,0,500,0,none,20,10,8,0,0,0,0,0,-1,4,16,0,0,-1,0,64,ディバイン サクリファイス,19,759,-1,-1,0,0,0,1,0,1,0,0,0,\N
120,ブレイブ アバター,-1,15,7,0,0,0,0,0,0,0,none,8,0,0,0,0,0,0,0,-1,0,128,-10,0,8,0,128,アヴァター,19,2510,-1,-1,0,0,0,0,0,0,0,0,0,\N
121,none,-1,11,0,0,0,0,0,0,0,0,none,0,0,0,0,0,0,0,0,-1,0,0,0,0,0,0,1,,19,-1,-1,-1,0,0,0,0,0,0,0,0,0,\N
123,none,-1,11,0,0,0,0,0,0,0,0,none,0,0,0,0,0,0,0,0,-1,0,0,0,0,0,0,2,,19,-1,-1,-1,0,0,0,0,0,0,0,0,0,\N
124,none,-1,11,0,0,0,0,0,0,0,0,none,0,0,0,0,0,0,0,0,-1,0,0,0,0,0,0,4,,19,-1,-1,-1,0,0,0,0,0,0,0,0,0,\N
125,none,-1,11,0,0,0,0,0,0,0,0,none,0,0,0,0,0,0,0,0,-1,0,0,0,0,0,0,8,,19,-1,-1,-1,0,0,0,0,0,0,0,0,0,\N
126,none,-1,11,0,0,0,0,0,0,0,0,none,0,0,0,0,0,0,0,0,-1,0,0,0,0,0,0,16,,19,-1,-1,-1,0,0,0,0,0,0,0,0,0,\N
127,none,-1,11,0,0,0,0,0,0,0,0,none,0,0,0,0,0,0,0,0,-1,0,0,0,0,0,0,32,,19,-1,-1,-1,0,0,0,0,0,0,0,0,0,\N
128,none,-1,11,0,0,0,0,0,0,0,0,none,0,0,0,0,0,0,0,0,-1,0,0,0,0,0,0,64,,19,-1,-1,-1,0,0,0,0,0,0,0,0,0,\N
129,レジスト マジック,-1,17,0,5,0,40319,1,0,0,1200,none,0,0,0,0,0,0,0,0,-1,0,2,0,0,0,0,1,,19,2186,-1,-1,0,719,0,1,0,1,0,0,0,\N
130,ボディ トゥ マインド,-1,17,1,0,8,0,0,0,400,0,none,0,0,0,0,0,0,0,0,-1,0,2,0,0,0,0,2,,19,2179,-1,-1,702,0,0,1,0,1,0,0,0,\N
131,テレポート トゥ マザー,-1,17,2,10,0,0,0,0,0,0,none,0,0,0,0,0,0,0,0,-1,0,128,0,0,0,0,4,,19,169,-1,-1,0,0,0,1,0,1,0,0,0,\N
132,トリプル アロー,-1,17,3,15,0,0,0,0,400,0,attack,3,0,0,0,0,0,0,0,-1,0,64,0,-1,0,0,8,,18,-1,11762,-1,0,0,0,0,0,1,0,0,0,\N
133,エレメンタル フォールダウン,-1,17,4,10,0,0,0,0,0,64,buff,3,0,0,0,35,50,0,0,-1,0,1,0,-1,0,0,16,,19,4396,-1,-1,0,0,280,1,0,0,0,0,1,L1ElementalFallDown
134,カウンター ミラー,-1,17,5,10,0,40319,1,0,0,16,none,0,0,0,0,0,0,0,0,99,0,2,0,0,0,0,32,,19,4395,-1,-1,0,0,280,1,0,1,0,0,1,L1MarkerSkill
135,none,-1,11,0,0,0,0,0,0,0,0,none,0,0,0,0,0,0,0,0,-1,0,0,0,0,0,0,128,,19,-1,-1,-1,0,0,0,0,0,0,0,0,0,\N
136,none,-1,11,0,0,0,0,0,0,0,0,none,0,0,0,0,0,0,0,0,-1,0,0,0,0,0,0,128,,19,-1,-1,-1,0,0,0,0,0,0,0,0,0,\N
137,クリアー マインド,-1,18,0,10,0,40319,1,0,0,1200,none,0,0,0,0,0,0,0,0,-1,0,2,0,0,0,0,1,,19,2180,-1,-1,0,722,0,1,0,1,0,0,0,\N
138,レジスト エレメント,-1,18,1,10,0,40319,1,0,0,1200,none,0,0,0,0,0,0,0,0,-1,0,2,0,0,0,0,2,,19,2184,-1,-1,0,721,0,1,0,1,0,0,0,\N
139,none,-1,11,0,0,0,0,0,0,0,0,none,0,0,0,0,0,0,0,0,-1,0,0,0,0,0,0,4,,19,-1,-1,-1,0,0,0,0,0,0,0,0,0,\N
140,none,-1,11,0,0,0,0,0,0,0,0,none,0,0,0,0,0,0,0,0,-1,0,0,0,0,0,0,8,,19,-1,-1,-1,0,0,0,0,0,0,0,0,0,\N
141,none,-1,11,0,0,0,0,0,0,0,0,none,0,0,0,0,0,0,0,0,-1,0,0,0,0,0,0,16,,19,-1,-1,-1,0,0,0,0,0,0,0,0,0,\N
142,none,-1,11,0,0,0,0,0,0,0,0,none,0,0,0,0,0,0,0,0,-1,0,0,0,0,0,0,32,,19,-1,-1,-1,0,0,0,0,0,0,0,0,0,\N
143,none,-1,11,0,0,0,0,0,0,0,0,none,0,0,0,0,0,0,0,0,-1,0,0,0,0,0,0,64,,19,-1,-1,-1,0,0,0,0,0,0,0,0,0,\N
144,none,-1,11,0,0,0,0,0,0,0,0,none,0,0,0,0,0,0,0,0,-1,0,0,0,0,0,0,128,,19,-1,-1,-1,0,0,0,0,0,0,0,0,0,\N
145,リターン トゥ ネイチャー,-1,19,0,30,0,40319,2,0,0,0,buff,16,0,0,0,50,30,0,0,90,0,1,0,-1,0,0,1,,19,2245,-1,-1,0,0,280,0,0,0,0,0,0,\N
146,ブラッディ ソウル,-1,19,1,0,40,0,0,0,1200,0,none,0,0,0,0,0,0,0,0,-1,0,2,0,0,0,0,2,,19,2178,-1,-1,0,0,0,1,0,1,0,0,0,\N
147,エレメンタル プロテクション,-1,19,2,6,0,40319,1,0,0,64,none,0,0,0,0,0,0,0,0,-1,0,2,0,0,0,0,4,,19,2285,-1,-1,0,0,0,1,0,1,0,0,0,\N
148,ファイアー ウェポン,-1,19,3,15,0,0,0,0,0,960,buff,1,0,0,0,0,0,0,0,-1,2,2,0,-1,0,0,8,,19,11774,-1,-1,0,723,280,1,0,1,0,0,1,\N
149,ウィンド ショット,-1,19,4,15,0,0,0,0,0,960,buff,1,0,0,0,0,0,0,0,-1,8,2,0,-1,0,0,16,,19,11729,-1,-1,0,724,280,1,0,1,0,0,1,\N
150,ウィンド ウォーク,-1,19,5,15,0,0,0,0,0,960,none,0,0,0,0,0,0,0,0,-1,8,2,0,0,0,0,32,,19,11730,-1,-1,0,0,0,1,0,1,0,0,1,\N
151,アース スキン,-1,19,6,15,0,0,0,0,0,960,buff,1,0,0,0,0,0,0,0,-1,1,2,0,-1,0,0,64,,19,2249,-1,-1,0,725,280,1,0,1,0,0,1,\N
152,エンタングル,-1,19,7,20,0,40319,1,0,0,64,buff,3,0,0,0,25,50,0,0,-1,1,1,0,10,0,0,128,,19,2250,-1,-1,711,0,280,0,0,0,0,0,0,\N
153,イレース マジック,-1,20,0,18,0,40319,1,0,0,32,buff,3,0,0,0,25,50,0,0,99,0,1,0,-1,0,0,1,,19,10706,-1,-1,0,0,280,0,0,0,1,0,1,L1MarkerSkill
154,レッサー エレメンタル,-1,20,1,20,0,40319,2,0,0,0,none,0,0,0,0,0,0,0,0,-1,0,128,0,0,0,0,2,,19,2510,-1,-1,0,0,0,0,0,0,0,0,0,\N
155,ダンシング ブレイズ,-1,20,2,20,0,40068,2,0,0,480,none,0,0,0,0,0,0,0,0,-1,2,2,0,0,-1,0,4,,19,11775,-1,-1,0,723,0,1,0,1,0,0,1,\N
156,ストーム アイ,-1,20,3,40,0,0,0,0,0,960,none,8,0,0,0,0,0,0,0,-1,8,2,0,0,-1,0,8,,19,11731,-1,-1,0,724,0,1,0,1,0,0,1,\N
157,アース バインド,-1,20,4,18,0,40319,2,0,0,1\,2\,3\,4\,5\,6\,7\,8\,9\,10\,11\,12,buff,3,0,0,0,25,60,0,0,-1,1,1,0,-1,0,0,16,,19,2251,-1,-1,0,0,280,0,0,0,0,0,0,L1StatusBind
158,ネイチャーズ タッチ,-1,20,5,20,0,0,0,0,0,300,buff,1,0,0,0,0,0,0,0,-1,4,2,0,-1,0,0,32,,19,2243,-1,-1,0,0,280,1,0,1,0,0,1,L1NaturesTouch
159,アース ガーディアン,-1,20,6,30,10,0,0,0,0,600,none,8,0,0,0,0,0,0,0,-1,1,2,0,0,-1,0,64,,19,2287,-1,-1,0,725,0,1,0,1,0,0,1,\N
160,アクア プロテクター,-1,20,7,30,0,0,0,0,0,960,buff,1,0,0,0,0,0,0,0,-1,4,2,0,-1,0,0,128,,19,5829,-1,-1,0,0,0,0,0,0,0,0,0,\N
161,エリア サイレンス,-1,21,0,40,0,40319,8,0,9000,16,none,3,0,0,0,65,80,0,0,90,0,1,0,0,3,1,1,,19,10707,-1,10708,0,0,0,1,0,1,0,1,0,\N
162,グレーター エレメンタル,-1,21,1,20,0,40319,4,0,0,0,none,0,0,0,0,0,0,0,0,-1,0,128,0,0,0,0,2,,19,2510,-1,-1,0,0,0,0,0,0,0,0,0,\N
163,バーニング ウェポン,-1,21,2,30,0,0,0,0,0,960,none,0,0,0,0,0,0,0,0,-1,2,2,0,0,0,0,4,,19,11776,-1,-1,0,723,280,1,0,1,0,0,1,\N
164,ネイチャーズ ブレッシング,-1,21,3,30,0,0,0,0,0,0,none,8,10,12,0,0,0,0,0,-1,4,16,0,0,-1,0,8,,19,2244,-1,-1,0,0,0,1,0,1,0,0,0,\N
165,コール オブ ネイチャー,-1,21,4,50,0,40319,1,0,0,0,buff,3,0,0,0,0,0,0,0,-1,4,32,0,10,0,0,16,,19,2245,-1,-1,0,0,280,1,0,1,0,0,0,\N
166,ストーム ショット,-1,21,5,30,0,0,0,0,0,960,none,0,0,0,0,0,0,0,0,-1,8,2,0,0,0,0,32,,19,11732,-1,-1,0,724,280,1,0,1,0,0,1,\N
167,ウィンド シャックル,-1,21,6,15,0,40319,1,0,0,16,buff,3,0,0,0,28,30,0,0,99,8,1,0,-1,0,0,64,,19,11733,-1,-1,1001,0,280,0,0,0,0,0,1,L1WindShackle
168,アイアン スキン,-1,21,7,30,0,0,0,0,0,960,none,0,0,0,0,0,0,0,0,-1,1,2,0,0,0,0,128,,19,2252,-1,-1,714,725,280,1,0,1,0,0,1,\N
169,エキゾチック バイタライズ,-1,22,0,30,0,40319,1,0,0,960,none,0,0,0,0,0,0,0,0,-1,1,2,0,0,0,0,1,,19,4400,-1,-1,0,0,0,1,0,1,0,0,0,\N
170,ウォーター ライフ,-1,22,1,1,0,40319,1,0,0,64,buff,1,0,0,0,0,0,0,0,-1,4,2,0,-1,0,0,2,,19,4401,-1,-1,0,0,280,1,0,1,0,0,0,\N
171,エレメンタル ファイアー,-1,22,2,20,0,40319,1,0,0,320,none,0,0,0,0,0,0,0,0,-1,2,2,0,0,0,0,4,,19,11777,-1,-1,0,0,0,1,0,1,0,0,1,L1MarkerSkill
172,ストーム ウォーク,-1,22,3,10,0,0,0,0,0,0,none,0,0,0,0,0,0,0,0,-1,8,128,0,0,0,0,8,,19,-1,-1,-1,0,0,0,0,0,0,0,0,0,\N
173,ポルート ウォーター,-1,22,4,20,0,40319,1,0,0,32,buff,3,0,0,0,28,30,0,0,90,4,1,0,3,0,0,16,,19,5830,-1,-1,0,0,280,0,0,0,0,0,1,L1MarkerSkill
174,ストライカー ゲイル,-1,22,5,15,0,40319,3,0,0,64,buff,3,0,0,0,50,60,0,0,99,8,1,0,-1,0,0,32,,19,11734,-1,-1,0,0,280,0,0,0,0,0,1,L1MarkerSkill
175,ソウル オブ フレイム,-1,22,6,30,0,40319,3,0,0,128,none,0,0,0,0,0,0,0,0,-1,2,2,0,0,0,0,64,,19,11778,-1,-1,0,0,0,1,0,1,0,0,1,L1MarkerSkill
176,アディショナル ファイアー,-1,22,7,30,0,40319,1,0,0,960,none,0,0,0,0,0,0,0,0,-1,2,2,0,0,0,0,128,,19,11780,-1,-1,0,0,0,1,0,1,0,0,1,L1MarkerSkill
177,none,-1,23,0,0,0,0,0,0,0,0,none,0,0,0,0,0,0,0,0,-1,0,0,0,0,0,0,1,,0,-1,-1,-1,0,0,0,0,0,0,0,0,0,\N
178,none,-1,23,1,0,0,0,0,0,0,0,none,0,0,0,0,0,0,0,0,-1,0,0,0,0,0,0,2,,0,-1,-1,-1,0,0,0,0,0,0,0,0,0,\N
179,none,-1,23,2,0,0,0,0,0,0,0,none,0,0,0,0,0,0,0,0,-1,0,0,0,0,0,0,4,,0,-1,-1,-1,0,0,0,0,0,0,0,0,0,\N
180,none,-1,23,3,0,0,0,0,0,0,0,none,0,0,0,0,0,0,0,0,-1,0,0,0,0,0,0,8,,0,-1,-1,-1,0,0,0,0,0,0,0,0,0,\N
181,ドラゴン スキン,-1,23,4,0,12,0,0,0,0,1800,none,0,0,0,0,0,0,0,0,-1,0,2,0,0,0,0,16,$5920,19,6531,-1,-1,0,0,0,1,1,1,0,0,1,L1MarkerSkill
182,バーニング スラッシュ,-1,23,5,0,6,0,0,0,0,60,none,0,0,0,0,0,0,0,0,-1,2,2,0,0,0,0,32,$5921,19,6590,-1,-1,0,0,0,0,1,0,0,0,0,\N
183,ガード ブレイク,-1,23,6,0,20,0,0,0,0,32,buff,3,0,0,0,35,0,0,0,40,0,1,0,3,0,0,64,$5922,19,6508,-1,-1,0,0,280,0,1,0,1,0,1,L1GuardBrake
184,マグマ ブレス,-1,23,7,10,0,0,0,0,0,0,attack,3,45,0,0,0,0,0,0,-1,2,64,0,10,0,0,128,$5923,18,6516,-1,-1,0,0,0,0,1,0,0,0,0,\N
185,覚醒[アンタラス],-1,24,0,20,10,49157,1,0,0,600,none,3,0,0,0,0,0,0,0,-1,0,2,0,0,0,0,1,$5924,19,6975,-1,-1,0,0,0,1,1,1,0,0,0,\N
186,ブラッドラスト,-1,24,1,0,30,49157,1,0,0,300,none,0,0,0,0,0,0,0,0,-1,0,2,0,0,0,0,2,$5925,19,9808,-1,-1,0,0,0,0,1,0,0,0,1,\N
187,フォー スレイヤー,-1,24,2,0,16,0,0,0,0,0,attack,3,0,0,0,0,0,0,0,-1,0,64,0,2,0,0,4,$5926,18,-1,-1,-1,0,0,0,0,1,1,0,0,0,\N
188,フィアー,-1,24,3,0,12,0,0,0,0,16,buff,3,0,0,0,35,0,0,0,30,0,1,0,3,0,0,8,$5927,19,6586,-1,-1,0,0,280,0,1,0,1,0,0,\N
189,マグマ アロー,-1,24,4,5,0,0,0,0,0,0,attack,3,10,10,2,0,0,0,0,-1,2,64,0,10,0,0,16,$5928,18,1583,-1,-1,0,0,0,0,1,0,0,0,0,\N
190,覚醒[パプリオン],-1,24,5,30,20,49157,1,0,0,600,none,3,0,0,0,0,0,0,0,-1,0,2,0,0,0,0,32,$5929,19,6976,-1,-1,0,0,0,1,1,1,0,0,0,\N
191,モータル ボディ,-1,24,6,0,50,0,0,0,0,300,none,0,0,0,0,0,0,0,0,-1,0,2,0,0,0,0,64,$5930,19,6519,-1,-1,0,0,0,0,1,0,0,0,1,L1MarkerSkill
192,サンダー グラップ,-1,24,7,0,35,0,0,0,0,4,attack,3,40,8,5,33,0,0,0,50,8,64,0,8,0,0,128,$5931,18,6512,-1,-1,0,0,0,0,1,0,0,0,0,L1StatusHold
193,ホラー オブ デス,-1,25,0,0,20,0,0,0,0,32,buff,3,0,0,0,35,0,0,0,40,0,1,0,3,0,0,1,$5932,19,6588,-1,-1,0,0,280,0,1,0,1,0,1,L1HorrorOfDeath
194,アイ オブ ドラゴン,13,25,1,15,0,0,0,0,500,0,none,3,0,0,0,0,0,0,0,0,0,2,0,15,0,0,2,$5933,19,749,-1,-1,0,0,0,1,1,1,0,0,0,\N
195,覚醒[ヴァラカス],-1,25,2,50,30,49157,1,0,0,600,none,3,0,0,0,0,0,0,0,-1,0,2,0,0,0,0,4,$5934,19,6922,-1,-1,0,0,0,1,1,1,0,0,0,\N
196,none,-1,25,3,0,0,0,0,0,0,0,none,0,0,0,0,0,0,0,0,-1,0,0,0,0,0,0,8,,0,-1,-1,-1,0,0,0,0,0,0,0,0,0,\N
197,none,-1,25,4,0,0,0,0,0,0,0,none,0,0,0,0,0,0,0,0,-1,0,0,0,0,0,0,16,,0,-1,-1,-1,0,0,0,0,0,0,0,0,0,\N
198,none,-1,25,5,0,0,0,0,0,0,0,none,0,0,0,0,0,0,0,0,-1,0,0,0,0,0,0,32,,0,-1,-1,-1,0,0,0,0,0,0,0,0,0,\N
199,none,-1,25,6,0,0,0,0,0,0,0,none,0,0,0,0,0,0,0,0,-1,0,0,0,0,0,0,64,,0,-1,-1,-1,0,0,0,0,0,0,0,0,0,\N
200,none,-1,25,7,0,0,0,0,0,0,0,none,0,0,0,0,0,0,0,0,-1,0,0,0,0,0,0,128,,0,-1,-1,-1,0,0,0,0,0,0,0,0,0,\N
201,ミラー イメージ,-1,26,0,10,0,0,0,0,0,1200,none,0,0,0,0,0,0,0,0,-1,0,2,0,0,0,0,1,$5935,19,6813,-1,-1,0,0,0,1,0,1,0,0,0,\N
202,コンフュージョン,-1,26,1,15,10,0,0,0,0,2,attack,3,2.2,0,0,25,0,0,0,30,0,64,0,3,0,0,2,$5936,19,6525,-1,-1,0,0,0,0,0,0,0,0,0,\N
203,スマッシュ エネルギー,-1,26,2,5,0,0,0,0,0,0,attack,3,10,10,1,0,0,0,0,-1,0,64,0,10,0,0,4,$5937,18,6972,-1,-1,0,0,0,0,0,0,0,0,0,\N
204,イリュージョン[オーガ],-1,26,3,20,0,0,0,0,0,64,buff,1,0,0,0,0,0,0,0,-1,0,2,0,3,0,0,8,$5938,19,6578,-1,-1,0,0,0,1,0,1,0,0,0,L1IllusionOgre
205,キューブ[イグニション],-1,26,4,30,0,49156,1,0,0,20,none,32,10,0,0,0,0,0,0,-1,0,2,0,0,3,0,16,$5939,19,6708,-1,6709,0,0,0,0,0,0,0,0,0,\N
206,コンセントレーション,-1,26,5,30,4,0,0,0,0,600,buff,1,0,0,0,0,0,0,0,-1,0,2,0,3,0,0,32,$5940,19,6527,-1,-1,0,0,280,0,0,0,0,0,1,L1MarkerSkill
207,マインド ブレイク,-1,26,6,20,15,0,0,0,0,0,attack,3,3.8,0,0,0,0,0,0,100,0,64,0,5,0,0,64,$5941,19,6553,-1,-1,0,0,0,0,0,0,0,0,0,\N
208,ボーン ブレイク,87,26,7,30,0,0,0,0,0,0.5\,0.75\,1\,1.25\,1.5\,1.75\,2,attack,3,10,0,0,45,0,0,0,50,0,1,0,3,0,0,128,$5942,19,7182,-1,-1,0,0,0,0,0,1,0,0,0,L1StatusStun
209,イリュージョン[リッチ],-1,27,0,20,0,0,0,0,0,64,buff,1,0,0,0,0,0,0,0,-1,0,2,0,3,0,0,1,$5943,19,6577,-1,-1,0,0,280,1,0,1,0,0,0,\N
210,キューブ[クエイク],-1,27,1,35,0,49156,1,0,0,20,none,32,0,0,0,0,0,0,0,-1,0,2,0,0,3,0,2,$5944,19,6714,-1,6715,0,0,0,0,0,0,0,0,0,\N
211,ペイシェンス,-1,27,2,25,0,0,0,0,0,600,buff,3,0,0,0,0,0,0,0,-1,0,2,0,3,0,0,4,$5945,19,6507,-1,-1,0,0,0,1,0,1,0,0,1,L1MarkerSkill
212,ファンタズム,66,27,3,30,25,0,0,0,0,5,buff,3,0,0,0,30,0,0,0,50,0,4,0,3,0,0,8,$5946,19,6530,-1,-1,0,0,280,0,0,0,0,0,0,L1StatusSleep
213,アイズ ブレイカー,13,27,4,15,0,0,0,0,0,0,none,3,0,0,0,0,0,0,0,0,0,2,0,15,0,0,16,$5947,19,749,-1,-1,0,0,0,1,0,1,0,0,0,\N
214,イリュージョン[ダイア ゴーレム],-1,27,5,40,0,0,0,0,0,64,buff,1,0,0,0,0,0,0,0,-1,0,2,0,3,0,0,32,$5948,19,6576,-1,-1,0,0,0,1,0,1,0,0,0,\N
215,キューブ[ショック],-1,27,6,55,0,49156,1,0,0,20,none,32,0,0,0,0,0,0,0,-1,0,2,0,0,3,0,64,$5949,19,6720,-1,6721,0,0,0,0,0,0,0,0,0,\N
216,インサイト,-1,27,7,60,0,0,0,0,0,600,buff,3,0,0,0,0,0,0,0,-1,0,2,0,3,0,0,128,$5950,19,6505,-1,-1,0,0,280,1,0,1,0,0,1,L1Insight
217,パニック,-1,28,0,30,30,0,0,0,0,64,buff,3,0,0,0,0,0,0,0,-1,0,2,0,3,0,0,1,$5951,19,6506,-1,-1,0,0,0,0,0,0,0,0,1,L1Panic
218,ジョイ オブ ペイン,-1,28,1,40,0,0,0,0,0,2,attack,3,0,0,0,0,0,0,0,-1,0,64,0,3,0,0,2,$5952,19,6528,-1,-1,0,0,0,0,0,0,0,0,0,\N
219,イリュージョン[アバター],-1,28,2,50,0,0,0,0,0,64,buff,1,0,0,0,0,0,0,0,-1,0,2,0,3,0,0,4,$5953,19,6575,-1,-1,0,0,0,1,0,1,0,0,0,\N
220,キューブ[バランス],-1,28,3,55,0,49156,2,0,0,20,none,32,0,0,0,0,0,0,0,-1,0,2,0,0,3,0,8,$5954,19,6727,-1,6727,0,0,0,0,0,0,0,0,0,\N
256,リッチ ソウルドレイン (lich soul drain),-1,0,0,0,0,0,0,0,0,0,none,3,10,12,5,0,0,0,0,-1,0,64,0,6,6,0,0,\N,0,2552,-1,-1,0,0,0,0,0,0,0,0,0,\N
257,レッサーデーモン魔法 (lesser demon magic),-1,0,0,5,0,0,0,0,0,0,none,3,10,9,9,0,0,0,0,-1,2,64,0,2,2,0,0,\N,0,2527,-1,-1,0,0,0,0,0,0,0,0,0,\N
258,バルログ地割れ (barlog blaze),-1,0,0,0,0,0,0,0,0,0,none,3,10,15,12,0,0,0,0,-1,2,64,0,8,8,0,0,\N,18,245,-1,-1,0,0,0,0,0,0,0,0,0,\N
259,ゼラチン ボール (gelatin ball),-1,0,0,1,0,0,0,0,0,0,attack,3,0,5,6,0,0,0,0,-1,0,64,0,7,0,0,0,\N,0,2559,-1,-1,0,0,0,0,0,0,0,0,0,\N
263,リンドビオル ブレス (lindvior breath),-1,0,0,0,0,0,0,0,0,0,attack,3,0,35,15,0,0,0,0,-1,0,64,0,2,2,0,0,\N,0,2566,-1,-1,0,0,0,0,0,0,0,0,0,\N
264,リンドビオル ストーム (lindvior storm),-1,0,0,0,0,0,0,0,0,0,none,3,10,40,20,0,0,0,0,-1,8,64,0,14,14,0,0,\N,0,-1,-1,-1,0,0,0,0,0,0,0,0,0,\N
265,リンドビオル ブレス p (lindvior breath p),-1,0,0,0,0,0,0,0,0,0,attack,3,0,35,15,0,0,0,0,-1,0,64,0,2,2,0,0,\N,0,2566,-1,-1,0,0,0,0,0,1,0,0,0,\N
266,リンドビオル ストーム p (lindvior storm),-1,0,0,0,0,0,0,0,0,0,none,3,10,40,20,0,0,0,0,-1,8,64,0,14,14,0,0,\N,0,-1,-1,-1,0,0,0,0,0,1,0,0,0,\N
267,ケンラウヘル ダークネス ブレード (kenrauhel darkness blade),-1,0,0,1,0,0,0,0,0,0,none,3,10,10,15,0,0,0,0,-1,0,64,0,2,2,0,0,\N,0,1662,-1,-1,0,0,0,0,0,1,0,0,0,\N
268,ケレニス ブリザード (kelenis blizzard),-1,0,0,0,0,0,0,0,0,0,none,3,15,15,10,0,0,0,0,-1,4,64,0,14,14,0,0,\N,0,2261,-1,-1,0,0,0,0,0,0,0,0,0,\N
269,ケレニス メテオ (kelenis meteor),-1,0,0,0,0,0,0,0,0,0,attack,3,5,15,20,0,0,0,0,-1,2,64,0,8,3,0,0,\N,0,-1,-1,-1,0,0,0,0,0,0,0,0,0,\N
271,ジャイアント 石投げ(giant stone),-1,0,0,1,0,0,0,0,0,0,attack,3,2,8,8,0,0,0,0,-1,0,64,0,8,0,0,0,\N,0,2710,-1,-1,0,0,0,0,0,0,0,0,0,\N
272,ゼニスクイーン 毒 (zenith queen poison),-1,0,0,0,0,0,0,0,0,30,attack,3,0,14,16,0,0,0,0,-1,0,64,0,6,6,0,0,\N,0,-1,-1,-1,0,0,0,0,0,0,0,0,0,\N
273,ゼニスクイーン スロー (zenith queen slow),-1,0,0,15,0,0,0,0,0,180,buff,3,0,0,0,30,30,0,0,70,0,1,0,0,0,0,0,\N,0,2810,-1,-1,0,0,0,0,0,0,0,0,0,\N
323,ice eruption,-1,0,0,23,9,0,0,0,0,0,attack,3,20,33,14,0,0,0,0,-1,4,64,0,10,0,0,0,\N,1,3685,-1,-1,0,0,0,0,0,0,0,0,0,\N
336,エネルギー ボルト スタン (stun),87,0,0,5,0,0,0,0,0,0.1\,1\,1.5\,2\,3\,4\,5\,5,attack,3,10,10,2,60,50,0,0,99,0,64,0,1,0,0,0,\N,18,167,-1,-1,0,0,0,0,0,0,0,0,0,L1StatusStun
338,shackle,-1,0,0,5,0,0,0,0,100,18,none,3,0,0,0,100,0,0,0,100,8,1,0,8,8,0,0,\N,1,-1,-1,1799,0,0,0,0,0,1,0,0,1,L1WindShackle
358,mob frozen cloud,-1,0,0,10,0,0,0,0,0,0,attack,3,10,10,5,0,0,0,0,-1,4,64,0,8,3,0,0,\N,18,1804,-1,-1,0,0,0,0,0,0,0,0,0,\N
408,暗殺軍王 スレイヴ (las slave a),-1,0,0,30,0,0,0,0,0,0,attack,3,40,20,6,0,0,0,0,-1,0,64,0,10,0,0,0,\N,18,4530,-1,-1,0,0,0,0,0,0,0,0,0,\N
409,暗殺軍王 スレイヴ (las slave b),-1,0,0,100,0,0,0,0,0,0,none,3,10,25,3,0,0,0,0,-1,0,64,0,4,4,0,0,\N,19,-1,-1,-1,0,0,0,0,0,0,0,0,0,\N
410,暗殺団長 ブレイズ (las blaze),-1,0,0,40,0,0,0,0,0,0,attack,3,30,10,5,0,0,0,0,-1,0,64,0,10,0,0,0,\N,18,4621,-1,-1,0,0,0,0,0,0,0,0,0,\N
411,親衛隊長 カイト (las kite),-1,0,0,25,0,0,0,0,0,0,attack,3,30,10,5,0,0,0,0,-1,0,64,0,10,0,0,0,\N,18,4673,-1,-1,0,0,0,0,0,0,0,0,0,\N
416,ヘルバウンド (las hellbound),-1,0,0,35,0,0,0,0,0,0,attack,3,20,8,4,0,0,0,0,-1,0,64,0,6,2,0,0,\N,18,4646,-1,-1,0,0,0,0,0,0,0,0,0,\N
417,魔霊軍王 ライア (las laia a),-1,0,0,23,0,0,0,0,0,0,attack,3,20,78,5,0,0,0,0,-1,4,64,0,8,0,0,0,\N,1,3685,-1,-1,0,0,0,0,0,0,0,0,0,\N
418,魔霊軍王 ライア (las laia b),-1,0,0,10,0,0,0,0,0,0,none,3,40,40,6,0,0,0,0,-1,4,64,0,5,5,0,0,\N,30,3778,-1,-1,0,0,0,0,0,0,0,0,0,\N
419,神官長 バウンティ (las baunty a),-1,0,0,0,0,0,0,0,0,0,attack,3,30,15,5,0,0,0,0,-1,0,64,0,10,0,0,0,\N,18,4840,-1,-1,0,0,0,0,0,0,0,0,0,\N
420,神官長 バウンティ (las baunty b),-1,0,0,40,0,0,0,0,0,0,none,3,20,20,6,0,0,0,0,-1,0,64,0,3,3,0,0,\N,19,4842,-1,-1,0,0,0,0,0,0,0,0,0,\N
421,魔法団長 カルミエル (las carmiel a),-1,0,0,0,0,0,0,0,0,0,attack,3,30,15,5,0,0,0,0,-1,0,64,0,10,0,0,0,\N,18,4846,-1,-1,0,0,0,0,0,0,0,0,0,\N
422,魔法団長 カルミエル (las carmiel b),-1,0,0,30,0,0,0,0,0,0,none,3,20,15,20,0,0,0,0,-1,0,64,0,3,6,0,0,\N,19,4848,-1,-1,0,0,0,0,0,0,0,0,0,\N
423,ダーク フォレスター ガード (las darkforester),-1,0,0,15,0,0,0,0,0,0,attack,3,10,15,3,0,0,0,0,-1,1,64,0,6,0,0,0,\N,18,3762,-1,-1,0,0,0,0,0,0,0,0,0,\N
424,ブラックウィザード (las blackwizard a),-1,0,0,20,0,0,0,0,0,0,attack,3,10,15,3,0,0,0,0,-1,1,64,0,6,0,0,0,\N,18,3700,-1,-1,0,0,0,0,0,0,0,0,0,\N
425,ブラックウィザード (las blackwizard b),-1,0,0,30,0,0,0,0,0,0,attack,3,5,18,4,0,0,0,0,-1,4,64,0,6,0,0,0,\N,18,3705,-1,-1,0,0,0,0,0,0,0,0,0,\N
426,冥法軍王 ヘルバイン (las hellvine b),-1,0,0,20,0,0,0,0,0,0,none,3,75,35,4,0,0,0,0,-1,0,64,0,4,4,0,0,\N,19,4539,-1,-1,0,0,0,0,0,0,0,0,0,\N
427,冥法団長 クリファス (las cripers),-1,0,0,45,0,0,0,0,0,0,attack,3,30,15,5,0,0,0,0,-1,0,64,0,10,0,0,0,\N,18,4629,-1,-1,0,0,0,0,0,0,0,0,0,\N
428,傭兵隊長 メファイスト (las mephisto),-1,0,0,45,0,0,0,0,0,0,attack,3,30,15,5,0,0,0,0,-1,0,64,0,10,0,0,0,\N,18,4629,-1,-1,0,0,0,0,0,0,0,0,0,\N
429,血の降霊術師 (las bleednecromancer),-1,0,0,15,0,0,0,0,0,0,attack,3,20,12,4,0,0,0,0,-1,0,64,0,4,0,0,0,\N,18,4846,-1,-1,0,0,0,0,0,0,0,0,0,\N
430,ダーク ロード (las darkoverlord a),-1,0,0,22,0,0,0,0,0,0,attack,3,10,42,2,0,0,0,0,-1,2,64,0,6,2,0,0,\N,18,4660,-1,-1,0,0,0,0,0,0,0,0,0,\N
441,冥法軍王 ヘルバイン (las hellvine a),-1,0,0,20,0,0,0,0,0,0,attack,3,55,30,3,0,0,0,0,-1,0,64,0,10,0,0,0,\N,1,4536,-1,-1,0,0,0,0,0,0,0,0,0,\N
443,魔獣団長 カイバール (las kaivar),-1,0,0,20,0,0,0,0,0,0,none,3,10,30,3,0,0,0,0,-1,0,64,0,4,4,0,0,\N,30,4627,-1,-1,0,0,0,0,0,0,0,0,0,\N
514,イフリート (ifrit fire spear1),-1,0,0,10,0,0,0,0,0,0,attack,3,0,5,3,0,0,0,0,-1,2,64,0,6,2,0,0,\N,18,1776,-1,-1,0,0,0,0,0,0,0,0,0,\N
515,イフリート (ifrit fire spear2),-1,0,0,10,0,0,0,0,0,0,attack,3,0,7,5,0,0,0,0,-1,2,64,0,6,2,0,0,\N,18,1776,-1,-1,0,0,0,0,0,0,0,0,0,\N
516,イフリート (ifrit fire spear3),-1,0,0,10,0,0,0,0,0,0,attack,3,0,12,9,0,0,0,0,-1,2,64,0,6,2,0,0,\N,18,1776,-1,-1,0,0,0,0,0,0,0,0,0,\N
517,シーダンサー (whirl wind1),-1,0,0,30,10,0,0,0,0,0,attack,3,0,6,5,0,0,0,0,-1,4,64,0,8,0,0,0,\N,18,1608,-1,-1,0,0,0,0,0,0,0,0,0,\N
518,シーダンサー (whirl wind2),-1,0,0,30,10,0,0,0,0,0,attack,3,0,9,9,0,0,0,0,-1,4,64,0,8,0,0,0,\N,18,1608,-1,-1,0,0,0,0,0,0,0,0,0,\N
519,シーダンサー (whirl wind3),-1,0,0,30,10,0,0,0,0,0,attack,3,0,12,11,0,0,0,0,-1,4,64,0,8,0,0,0,\N,18,1608,-1,-1,0,0,0,0,0,0,0,0,0,\N
528,大法官 バロード (las barod a),-1,0,0,50,0,0,0,0,0,0,none,3,50,40,4,0,0,0,0,-1,0,64,0,2,2,0,0,\N,19,-1,-1,-1,0,0,0,0,0,0,0,0,0,\N
529,大法官 バロード (las barod b),-1,0,0,80,0,0,0,0,0,0,attack,3,30,35,3,0,0,0,0,-1,0,64,0,10,0,0,0,\N,18,5474,-1,-1,0,0,0,0,0,0,0,0,0,\N
530,大法官 ラミアス (las ramias a),-1,0,0,100,0,0,0,0,0,0,none,3,30,15,5,0,0,0,0,-1,0,64,0,1,1,0,0,\N,18,-1,-1,-1,0,0,0,0,0,0,0,0,0,\N
531,大法官 ティアメス (las tiames a),-1,0,0,50,0,0,0,0,0,0,none,3,35,52,3,0,0,0,0,-1,0,64,0,2,2,0,0,\N,19,-1,-1,-1,0,0,0,0,0,0,0,0,0,\N
532,大法官 ティアメス (las tiames b),-1,0,0,80,0,0,0,0,0,0,attack,3,20,35,3,0,0,0,0,-1,0,64,0,10,0,0,0,\N,18,5281,-1,-1,0,0,0,0,0,0,0,0,0,\N
533,大法官 バロメス (las baromes a),-1,0,0,50,0,0,0,0,0,0,none,3,30,30,5,0,0,0,0,-1,0,64,0,2,2,0,0,\N,18,-1,-1,-1,0,0,0,0,0,0,0,0,0,\N
534,大法官 エンディアス (las endias a),-1,0,0,50,0,0,0,0,0,0,none,3,40,45,4,0,0,0,0,-1,0,64,0,1,1,0,0,\N,18,-1,-1,-1,0,0,0,0,0,0,0,0,0,\N
535,大法官 ビアタス (las viatas a),-1,0,0,50,0,0,0,0,0,0,none,3,30,35,5,0,0,0,0,-1,0,64,0,3,3,0,0,\N,18,-1,-1,-1,0,0,0,0,0,0,0,0,0,\N
536,大法官 イデア (las edea a),-1,0,0,80,0,0,0,0,0,0,attack,3,20,45,3,0,0,0,0,-1,0,64,0,8,0,0,0,\N,18,5301,-1,-1,0,0,0,0,0,0,0,0,0,\N
537,大法官 ケイナ (las keina a),-1,0,0,50,0,0,0,0,0,0,none,3,20,25,3,0,0,0,0,-1,0,64,0,3,3,0,0,\N,18,-1,-1,-1,0,0,0,0,0,0,0,0,0,\N
538,オーテュ (las otu a),-1,0,0,10,0,0,0,0,0,0,attack,3,35,30,3,0,0,0,0,-1,0,64,0,6,0,0,0,\N,18,5445,-1,-1,0,0,0,0,0,0,0,0,0,\N
539,ワイバーン (las wyvern a),-1,0,0,40,0,0,0,0,0,0,none,3,20,20,3,0,0,0,0,-1,8,64,0,3,3,0,0,\N,18,758,-1,-1,0,0,0,0,0,0,0,0,0,\N
540,テューポン (las tupon a),-1,0,0,50,0,0,0,0,0,0,none,3,50,35,4,0,0,0,0,-1,0,64,0,2,2,0,0,\N,18,5261,-1,-1,0,0,0,0,0,0,0,0,0,\N
541,長老随行員A (las attendant a),-1,0,0,0,0,0,0,0,0,0,attack,3,35,30,3,0,0,0,0,-1,0,64,0,6,0,0,0,\N,18,5570,-1,-1,0,0,0,0,0,0,0,0,0,\N
595,darkelf wizard cone of cold2,-1,0,0,20,0,0,0,0,0,0,attack,3,45,6,8,0,0,0,0,-1,4,64,0,6,0,0,0,\N,18,1809,-1,-1,0,0,0,0,0,0,0,0,0,\N
596,darkelf wizard storm2,-1,0,0,25,0,0,0,0,0,0,none,3,50,6,6,0,0,0,0,-1,8,64,0,3,0,0,0,\N,19,758,-1,-1,0,0,0,0,0,0,0,0,0,\N
665,gludio ghost cone of cold,-1,0,0,1,0,0,0,0,0,0,attack,3,10,5,5,0,0,0,0,-1,4,64,0,10,0,0,0,\N,18,1809,-1,-1,0,0,0,0,0,0,0,0,0,\N
692,lesser dragon breath3,-1,0,0,0,0,0,0,0,0,0,attack,3,3,11,10,0,0,0,0,-1,2,64,0,2,2,0,0,\N,16,-1,-1,-1,0,0,0,0,0,0,0,0,0,\N
693,bone dragon breath1,-1,0,0,0,0,0,0,0,0,0,attack,3,3,5,5,0,0,0,0,-1,0,64,0,2,2,0,0,\N,16,2411,-1,-1,0,0,0,0,0,0,0,0,0,\N
694,bone dragon breath2,-1,0,0,0,0,0,0,0,0,0,attack,3,3,7,10,0,0,0,0,-1,0,64,0,2,2,0,0,\N,16,-1,-1,-1,0,0,0,0,0,0,0,0,0,\N
695,bone dragon breath3,-1,0,0,0,0,0,0,0,0,0,attack,3,3,10,11,0,0,0,0,-1,0,64,0,2,2,0,0,\N,16,-1,-1,-1,0,0,0,0,0,0,0,0,0,\N
700,lesser dragon breath1,-1,0,0,0,0,0,0,0,0,0,attack,3,3,5,5,0,0,0,0,-1,0,64,0,2,2,0,0,\N,16,2380,-1,-1,0,0,0,0,0,0,0,0,0,\N
701,lesser dragon breath2,-1,0,0,0,0,0,0,0,0,0,attack,3,3,7,10,0,0,0,0,-1,0,64,0,2,2,0,0,\N,16,-1,-1,-1,0,0,0,0,0,0,0,0,0,\N
703,アイスクイーンスタッフ(コーン オブ コールド),-1,0,0,0,0,0,0,0,400,0,attack,3,40,6,5,0,0,0,0,-1,4,64,0,6,0,0,0,,0,1810,-1,-1,0,0,0,0,0,0,0,0,0,\N
704,サンド イラプション,-1,0,0,50,0,0,0,0,800,0,attack,3,50,3,5,0,0,0,0,-1,1,64,0,8,0,0,0,,18,10145,-1,-1,0,0,0,0,0,0,0,0,0,\N
705,サンドワーム(ワンキル攻撃),-1,0,0,0,0,0,0,0,30000,0,attack,3,2500,10,10,80,50,0,0,-1,1,64,0,1,0,0,0,,18,10186,-1,-1,0,0,0,0,0,1,0,0,0,\N
706,サンドワーム(範囲ワンキル攻撃),-1,0,0,0,0,0,0,0,30000,0,attack,3,2500,10,10,80,50,0,0,-1,1,64,0,10,10,0,0,,19,10188,-1,-1,0,0,0,0,0,1,0,0,0,\N
707,エルジャベ(エリア サイレンス),-1,0,0,40,0,0,0,0,20000,16,none,3,0,0,0,0,0,0,0,-1,0,4,0,-1,-1,1,0,,18,2241,-1,-1,0,0,280,0,0,0,0,0,0,\N
708,エルジャベ(範囲ワンキル),-1,0,0,0,0,0,0,0,10000,0,attack,3,2000,10,10,80,50,0,0,-1,1,64,0,0,-1,0,0,,0,-1,-1,-1,0,0,0,0,0,1,0,0,0,\N
709,エルジャベ(範囲強打),-1,0,0,0,0,0,0,0,10000,0,attack,3,500,10,10,50,30,0,0,-1,1,64,0,0,3,0,0,,0,-1,-1,-1,0,0,0,0,0,1,0,0,0,\N
710,エルジャベ(召還),-1,0,0,0,0,0,0,0,30000,0,none,3,0,0,0,0,0,0,0,-1,0,1,0,0,0,1,0,,0,-1,-1,-1,0,0,0,0,0,0,0,0,0,\N
711,エルジャベ(サンド イラプション),-1,0,0,50,0,0,0,0,400,0,attack,3,50,3,5,50,30,0,0,-1,1,64,0,8,0,1,0,,0,10145,-1,-1,0,0,0,0,0,0,0,0,0,\N
712,エルジャベ(範囲毒),-1,0,0,0,0,0,0,0,30000,30,none,3,200,10,20,50,30,0,0,-1,0,64,0,0,5,1,0,,0,-1,-1,-1,0,0,280,0,0,0,0,0,0,\N
713,エルジャベ(Recall),-1,0,0,5,0,0,0,0,5000,0,buff,3,0,0,0,0,0,0,0,-1,0,128,0,10,0,0,0,,0,2235,-1,-1,0,0,0,0,0,0,0,0,0,\N
728,thebe anubis a,-1,0,0,60,0,0,0,0,0,0,attack,3,200,80,5,0,0,0,0,-1,8,64,0,12,0,0,0,\N,18,6598,-1,-1,0,0,0,0,0,0,0,0,0,\N
729,thebe anubis b,87,0,0,40,0,0,0,0,0,0.1\,1\,1.5\,2\,3\,4\,5\,5,none,3,0,0,0,50,50,0,0,99,0,1,0,4,4,0,0,\N,19,-1,-1,-1,0,0,0,0,0,1,0,0,0,L1StatusStun
730,thebe anubis c,-1,0,0,40,0,0,0,0,0,0,attack,3,100,60,5,0,0,0,0,-1,1,64,0,6,6,0,0,\N,19,6599,-1,-1,0,0,0,0,0,0,0,0,0,\N
731,thebe horus a,-1,0,0,10,0,0,0,0,0,0,attack,3,300,100,5,0,0,0,0,-1,2,64,0,12,0,0,0,\N,18,6572,-1,-1,0,0,0,0,0,0,0,0,0,\N
732,thebe horus b,-1,0,0,10,0,0,0,0,0,0,none,3,200,100,5,0,0,0,0,-1,2,64,0,6,6,0,0,\N,19,1819,-1,-1,0,0,0,0,0,0,0,0,0,\N
777,npc cone of cold,-1,0,0,24,0,0,0,0,0,0,attack,3,20,10,5,0,0,0,0,-1,4,64,0,10,0,0,0,\N,18,1809,-1,-1,0,0,0,0,0,0,0,0,0,\N
780,npc ice lance,50,0,0,36,0,0,0,0,0,16,attack,3,20,10,6,0,0,121,5,25,4,64,0,10,0,0,0,\N,18,756,-1,-1,0,0,0,0,0,0,0,0,0,L1StatusIce
783,npc meteor strike,-1,0,0,60,0,0,0,0,0,0,attack,3,30,20,6,0,0,0,0,-1,2,64,0,10,3,0,0,\N,1,762,-1,-1,0,0,0,0,0,0,0,0,0,\N
803,デス ナイト (hellfire・画面揺れ無し),-1,0,0,10,0,0,0,0,0,0,none,3,12,10,12,0,0,0,0,-1,2,64,0,6,6,0,0,\N,18,7300,-1,-1,0,0,0,0,0,0,0,0,0,\N
804,デス ナイト (energy ball),-1,0,0,10,0,0,0,0,0,0,attack,3,10,8,10,0,0,0,0,-1,0,64,0,2,0,0,0,\N,18,-1,-1,243,0,0,0,0,0,1,0,0,0,\N
825,イフリート (ifrit fire spear),-1,0,0,10,0,0,0,0,0,0,attack,3,10,11,6,0,0,0,0,-1,2,64,0,6,2,0,0,\N,18,1776,-1,-1,0,0,0,0,0,0,0,0,0,\N
827,フェニックス (phoenix meteor),-1,0,0,10,0,0,0,0,0,0,attack,3,7,20,5,0,0,0,0,-1,2,64,0,8,2,0,0,\N,18,1794,-1,-1,0,0,0,0,0,0,0,0,0,\N
861,エンシェントジャイアント (クエイク・画面揺れ無),-1,0,0,0,0,0,0,0,0,0,none,3,5,10,10,0,0,0,0,-1,1,64,0,8,8,0,0,\N,18,1812,-1,-1,0,0,0,0,0,0,0,0,0,\N
926,xev requi woman breath,50,0,0,0,0,0,0,0,0,5,attack,3,100,30,15,0,0,151,1.5,-1,4,64,0,5,5,0,0,\N,1,-1,-1,-1,0,0,0,0,0,1,0,0,0,L1StatusIce
927,xev requi woman blood,-1,0,0,0,0,0,0,0,0,0,attack,3,400,20,30,0,0,0,0,-1,4,64,0,8,8,0,0,\N,11,7276,-1,-1,0,0,0,0,0,0,0,0,0,\N
928,xev requi woman poison gas,-1,0,0,20,0,0,0,0,0,0,attack,3,120,50,15,0,0,0,0,-1,4,64,0,10,8,0,0,\N,30,7083,-1,-1,0,0,0,0,0,0,0,0,0,\N
929,xev requi woman earthquake,-1,0,0,50,0,0,0,0,0,0,none,3,200,45,20,0,0,0,0,-1,4,64,0,14,14,0,0,\N,19,7282,-1,-1,0,0,0,0,0,0,0,0,0,\N
930,xev requi woman poison spell,-1,0,0,20,0,0,0,0,0,0,attack,3,110,40,15,0,0,0,0,-1,4,64,0,10,0,0,0,\N,18,7083,-1,-1,0,0,0,0,0,0,0,0,0,\N
1005,ドラゴン キャンセル (dragon cancel1),44,0,0,2,0,0,0,0,0,0,buff,3,0,0,0,0,0,300,1,99,0,1,0,6,0,0,0,\N,-1,870,-1,-1,0,0,0,0,0,1,1,0,0,\N
1019,アンタラス イラプション1 (antharas eruption1),-1,0,0,0,0,0,0,0,0,0,attack,3,200,30,50,0,0,0,0,-1,1,64,0,14,0,0,0,\N,47,7374,-1,-1,0,0,0,0,0,0,0,0,0,\N
1020,アンタラス イラプション2 (antharas eruption2),-1,0,0,0,0,0,0,0,0,0,attack,3,0,10,40,0,0,0,0,-1,1,64,0,14,0,0,0,\N,47,2171,-1,-1,0,0,0,0,0,0,0,0,0,\N
1035,ドラゴン ウェポンブレイク (dragon weapon break),5005,0,0,2,0,0,0,0,0,0,buff,1,0,0,0,131,10,0,0,99,0,1,0,3,0,0,0,\N,-1,-1,-1,-1,0,0,0,0,0,0,0,0,0,\N
1036,アンタラス 毒ブレス1 (antharas breath1),-1,0,0,2,0,0,0,0,0,32,attack,3,100,25,40,0,0,0,0,-1,1,64,0,5,2,0,0,\N,18,-1,-1,-1,0,0,0,0,0,0,0,0,0,\N
1037,アンタラス 毒ブレス2 (antharas breath2),-1,0,0,2,0,0,0,0,0,32,attack,3,100,27,80,0,0,0,0,-1,1,64,0,5,2,0,0,\N,18,-1,-1,-1,0,0,0,0,0,0,0,0,0,\N
1038,アンタラス 咆哮1 (antharas howl1),-1,0,0,2,0,0,0,0,0,0,attack,3,100,18,45,0,0,0,0,-1,1,64,0,8,3,0,0,\N,19,-1,-1,-1,0,0,0,0,0,0,0,0,0,\N
1039,アンタラス 咆哮2 (antharas howl2),-1,0,0,2,0,0,0,0,0,0,attack,3,100,20,77,0,0,0,0,-1,1,64,0,8,3,0,0,\N,19,-1,-1,-1,0,0,0,0,0,0,0,0,0,\N
1042,ドラゴン マスキャンセル (dragon mass cancel1),44,0,0,2,0,0,0,0,0,0,none,1,0,0,0,0,0,131,1,99,0,1,0,12,12,0,0,\N,-1,-1,-1,870,0,0,0,0,0,1,1,0,0,\N
1043,ドラゴン マスキャンセル (dragon mass cancel2),44,0,0,2,0,0,0,0,0,0,none,1,0,0,0,0,0,151,1,99,0,1,0,12,12,0,0,\N,-1,-1,-1,870,0,0,0,0,0,1,1,0,0,\N
1044,ドラゴン マススタン (dragon mass stun1),87,0,0,2,0,0,0,0,0,5,none,1,0,0,0,100,0,0,0,100,0,1,0,12,12,0,0,\N,-1,-1,-1,-1,0,0,0,0,0,1,0,0,0,L1StatusStun
1045,ドラゴン マススタン (dragon mass stun2),87,0,0,2,0,0,0,0,0,5,none,1,0,0,0,100,0,0,0,100,0,1,0,6,6,0,0,\N,-1,4183,-1,-1,0,0,0,0,0,1,0,0,0,L1StatusStun
1046,アンタラス岩石メテオ1 (antharas fit1),-1,0,0,2,0,0,0,0,0,0,none,1,100,13,40,0,0,0,0,-1,1,64,0,12,12,0,0,\N,30,7361,-1,-1,0,0,0,0,0,0,0,0,0,\N
1047,アンタラス岩石メテオ2 (antharas fit2),-1,0,0,2,0,0,0,0,0,0,none,1,100,33,77,0,0,0,0,-1,1,64,0,6,6,0,0,\N,30,7361,-1,-1,0,0,0,0,0,0,0,0,0,\N
1077,パプリオン イラプション1 (fafurion eruption1),-1,0,0,0,0,0,0,0,0,0,attack,3,30,37,50,0,0,0,0,-1,4,64,0,14,0,0,0,\N,47,7738,-1,-1,0,0,0,0,0,0,0,0,0,\N
1078,パプリオン イラプション2 (fafurion eruption2),-1,0,0,0,0,0,0,0,0,0,attack,3,105,13,125,0,0,0,0,-1,4,64,0,14,0,0,0,\N,47,7738,-1,-1,0,0,0,0,0,0,0,0,0,\N
1079,パプリオン アイスメテオ1 (fafurion ice meteor1),-1,0,0,2,0,0,0,0,0,0,none,3,10,59,55,0,0,0,0,-1,4,64,0,12,12,0,0,\N,20,7083,-1,-1,0,0,0,0,0,0,0,0,0,\N
1080,パプリオン アイスメテオ2 (fafurion ice meteor2),-1,0,0,2,0,0,0,0,0,0,none,3,35,25,125,0,0,0,0,-1,4,64,0,12,12,0,0,\N,20,7083,-1,-1,0,0,0,0,0,0,0,0,0,\N
1109,evl elemental tornado,-1,0,0,0,0,0,0,0,0,0,none,3,35,15,15,0,0,0,0,-1,8,64,0,0,3,0,0,\N,18,758,-1,-1,0,0,0,0,0,0,0,0,0,\N
1227,イビル リバース,-1,0,0,0,0,0,0,0,1000,1000,attack,3,5,4,2,0,0,0,0,-1,4,64,0,-1,0,0,0,\N,0,-1,-1,-1,0,0,0,0,0,0,0,0,0,\N
1228,イビル トリック,-1,0,0,0,0,0,0,0,1000,1000,attack,3,0,3,3,0,0,0,0,-1,1,64,0,-1,0,0,0,\N,0,-1,-1,-1,0,0,0,0,0,0,0,0,0,\N
1413,it1 gelatin ball,-1,0,0,10,0,0,0,0,0,0,attack,3,10,10,8,0,0,0,0,-1,0,64,0,3,0,0,0,\N,1,2559,-1,-1,0,0,0,0,0,0,0,0,0,\N
1414,it1 spark,-1,0,0,25,0,0,0,0,0,0,none,3,0,11,9,0,0,0,0,-1,8,64,0,3,3,0,0,\N,0,-1,-1,-1,0,0,0,0,0,0,0,0,0,\N
1415,it2 wind cutter,-1,0,0,20,0,0,0,0,0,0,attack,3,10,10,8,0,0,0,0,-1,8,64,0,3,0,0,0,\N,18,1799,-1,-1,0,0,0,0,0,0,0,0,0,\N
1416,it2 hold,192,0,0,20,0,0,0,0,0,4,attack,3,15,5,5,90,30,0,0,99,0,64,0,1,0,0,0,\N,1,4184,-1,-1,0,0,0,0,0,0,0,0,0,L1StatusHold
1417,it2 discharge,-1,0,0,25,0,0,0,0,0,0,attack,3,0,10,10,0,0,0,0,-1,8,64,0,6,2,0,0,\N,18,2546,-1,-1,0,0,0,0,0,0,0,0,0,\N
1418,it2 lightning,-1,0,0,20,0,0,0,0,0,0,attack,3,10,10,10,0,0,0,0,-1,8,64,0,5,3,0,0,\N,18,170,-1,-1,0,0,0,0,0,0,0,0,0,\N
1419,it2 call lightning,-1,0,0,20,0,0,0,0,0,0,attack,3,30,10,10,0,0,0,0,-1,8,64,0,5,0,0,0,\N,18,10,-1,-1,0,0,0,0,0,0,0,0,0,\N
1431,it5 demon mass cancel,44,0,0,20,0,0,0,0,0,0,none,1,0,0,0,0,0,151,1.5,99,0,1,0,4,4,0,0,\N,18,-1,-1,870,0,0,0,0,0,1,1,0,0,\N
1432,it5 demon mass attac,-1,0,0,20,0,0,0,0,0,0,none,3,20,20,12,0,0,0,0,-1,8,64,0,4,4,0,0,\N,18,4539,-1,-1,0,0,0,0,0,0,0,0,0,\N
1452,idk ice lance,50,0,0,30,0,0,0,0,0,16,attack,3,20,15,10,0,0,151,1.5,99,4,64,0,3,0,0,0,\N,18,756,-1,-1,0,0,0,0,0,0,0,0,0,L1StatusIce
1471,ゼニスクイーン 毒 (zenith queen poison1),-1,0,0,0,0,0,0,0,0,60,buff,3,12,8,6,50,50,0,0,99,1,64,0,0,0,0,0,\N,18,745,-1,-1,0,0,0,0,0,0,0,0,0,\N
1473,ゼニスクイーン 毒 (zenith queen tornado poison3),-1,0,0,10,0,0,0,0,0,0,none,3,80,15,15,0,0,0,0,-1,1,64,0,4,4,0,0,\N,19,5893,-1,-1,0,0,0,0,0,0,0,0,0,\N
1474,ゼニスクイーン wrap (zenith queen wrap),-1,0,0,15,0,0,0,0,0,0,none,3,40,7,7,0,0,0,0,-1,0,64,0,3,3,0,0,\N,19,2810,-1,-1,0,0,0,0,0,0,0,0,0,\N
1475,ゼニスクイーン スタン (zenith queen stun),87,0,0,10,0,0,0,0,0,0.1\,1\,1.5\,2\,3\,4\,5\,5,none,1,0,0,0,98,10,0,0,99,0,1,0,3,3,0,0,\N,18,4183,-1,-1,0,0,0,0,0,1,0,0,0,L1StatusStun
1477,シアー マスキャンセル (seer mass cancel),44,0,0,10,0,0,0,0,0,0,none,1,0,0,0,0,0,121,2,99,0,1,0,3,3,0,0,\N,18,-1,-1,870,0,0,0,0,0,1,1,0,0,\N
1478,シアー (seer spreadbomb),-1,0,0,10,0,0,0,0,0,0,none,3,0,16,8,0,0,0,0,-1,0,64,0,10,10,0,0,\N,19,-1,-1,-1,0,0,0,0,0,0,0,0,0,\N
1479,バンパイア タッチ (vampire touch),-1,0,0,10,0,0,0,0,0,0,attack,3,0,7,12,0,0,0,0,-1,0,64,0,2,0,0,0,\N,18,236,-1,-1,0,0,0,0,0,0,0,0,0,\N
1480,バンパイア (vampire circle),-1,0,0,10,0,0,0,0,0,0,attack,3,0,14,16,0,0,0,0,-1,0,64,0,6,6,0,0,\N,19,-1,-1,-1,0,0,0,0,0,0,0,0,0,\N
1481,バンパイア (vampire blood),-1,0,0,10,0,0,0,0,0,0,none,3,80,16,18,0,0,0,0,-1,1,64,0,6,7,0,0,\N,19,4631,-1,-1,0,0,0,0,0,0,0,0,0,\N
1482,バンパイア (vampire poly),-1,0,0,10,0,0,0,0,0,120,buff,1,0,0,0,0,0,0,0,-1,0,128,0,4,4,0,0,\N,19,230,-1,-1,0,0,0,0,0,1,0,0,0,\N
1483,バンパイア (vampire bomb),-1,0,0,10,0,0,0,0,0,0,attack,3,80,7,18,0,0,0,0,-1,4,64,0,8,0,0,0,\N,18,1119,-1,-1,0,0,0,0,0,0,0,0,0,\N
1484,リッチ ヒール (lich heal),-1,0,0,0,0,0,0,0,0,0,buff,3,0,0,0,0,0,0,0,-1,0,0,0,0,0,0,0,\N,18,-1,-1,-1,0,0,0,0,0,0,0,0,0,\N
1485,リッチ ヘイスト (lich haste),-1,0,0,1,0,0,0,0,0,1200,buff,3,0,0,0,0,0,0,0,-1,8,2,0,15,0,0,0,\N,30,7004,-1,-1,0,0,0,0,0,0,0,0,0,\N
1486,リッチ ソウルストーム (lich soul storm),-1,0,0,0,0,0,0,0,0,0,none,3,50,12,10,0,0,0,0,-1,0,64,0,6,6,0,0,\N,18,2552,-1,-1,0,0,0,0,0,0,0,0,0,\N
1487,リッチ ソウルアタック (lich soul attack),-1,0,0,2,0,0,0,0,0,0,attack,3,50,15,14,0,0,0,0,-1,0,64,0,12,2,0,0,\N,30,2546,-1,-1,0,0,0,0,0,0,0,0,0,\N
1488,リッチ ソウルスピアー (lich soul spear),-1,0,0,10,0,0,0,0,0,0,attack,3,70,16,16,0,0,0,0,-1,0,64,0,12,0,0,0,\N,30,2546,-1,-1,0,0,0,0,0,0,0,0,0,\N
1489,ゾンビロード (zombie lord blood1),-1,0,0,0,0,0,0,0,0,0,none,3,40,14,19,0,0,0,0,-1,1,64,0,6,6,0,0,\N,1,3363,-1,-1,0,0,0,0,0,0,0,0,0,\N
1490,ゾンビロード (zombie lord blood2),-1,0,0,100,0,0,0,0,0,30,buff,1,0,0,0,0,0,0,0,-1,0,128,0,0,0,0,0,\N,0,230,-1,-1,0,0,0,0,0,0,0,0,0,\N
1491,ゾンビロード (zombie lord blood3),-1,0,0,10,0,0,0,0,0,0,none,3,80,22,28,0,0,0,0,-1,1,64,0,6,6,0,0,\N,19,6293,-1,-1,0,0,0,0,0,0,0,0,0,\N
1492,ナイトバルド (vald reduction),-1,0,0,1,0,0,0,0,0,192,buff,2,0,0,0,0,0,0,0,-1,0,2,0,6,0,0,0,\N,1,4824,-1,-1,0,0,0,0,0,0,0,0,0,\N
1493,ナイトバルド (vald stun),87,0,0,1,0,0,0,0,0,0.1\,1\,1.5\,2\,3\,4\,5\,5,none,1,0,0,0,98,10,0,0,99,0,1,0,2,2,0,0,\N,30,4183,-1,-1,0,0,0,0,0,1,0,0,0,L1StatusStun
1494,ナイトバルド (vald solid1),-1,0,0,1,0,0,0,0,0,0,attack,3,20,12,15,0,0,0,0,-1,0,64,0,14,0,0,0,\N,1,1662,-1,-1,0,0,0,0,0,1,0,0,0,\N
1495,ナイトバルド (vald bounce),-1,0,0,1,0,0,0,0,0,0,buff,1,0,1,3,98,10,0,0,99,0,1,0,3,0,0,0,\N,1,172,-1,-1,0,0,0,0,0,1,0,0,0,\N
1496,ナイトバルド (vald barrier1) (CB),-1,0,0,1,0,0,0,0,0,64,buff,2,0,0,0,15,0,0,0,-1,0,2,0,6,0,0,0,\N,1,5832,-1,-1,0,0,0,0,0,1,0,0,0,\N
1497,ナイトバルド (vald barrier2),-1,0,0,1,0,0,0,0,0,0,none,3,30,10,70,0,0,0,0,-1,0,64,0,2,2,0,0,\N,1,4074,-1,-1,0,0,0,0,0,1,0,0,0,\N
1498,ナイトバルド (vald solid2),-1,0,0,1,0,0,0,0,0,0,attack,3,30,14,15,0,0,0,0,-1,0,64,0,1,0,0,0,\N,1,8847,-1,-1,0,0,0,0,0,1,0,0,0,\N
1499,ナイトバルド (vald solid3),-1,0,0,1,0,0,0,0,0,0,attack,3,50,16,15,0,0,0,0,-1,0,64,0,1,0,0,0,\N,1,8848,-1,-1,0,0,0,0,0,1,0,0,0,\N
1500,アイリス スタン (iris stun),87,0,0,1,0,0,0,0,0,0.1\,1\,1.5\,2\,3\,4\,5\,5,none,1,0,0,0,98,10,0,0,99,0,1,0,2,2,0,0,\N,1,4183,-1,-1,0,0,0,0,0,1,0,0,0,L1StatusStun
1501,アイリス (iris solid1),-1,0,0,1,0,0,0,0,0,0,attack,3,20,12,13,0,0,0,0,-1,4,64,0,12,0,0,0,\N,30,1662,-1,-1,0,0,0,0,0,1,0,0,0,\N
1502,アイリス (iris solid2),-1,0,0,1,0,0,0,0,0,0,none,3,30,14,13,0,0,0,0,-1,8,64,0,3,3,0,0,\N,18,4165,-1,-1,0,0,0,0,0,0,0,0,0,\N
1503,アイリス ブリザード (iris blizzard),50,0,0,60,0,0,0,0,0,8,none,3,0,6,50,0,0,151,1.5,99,4,64,0,15,15,0,0,\N,18,7771,-1,-1,0,0,0,0,0,0,0,0,0,L1StatusIce
1504,アイリス (iris mrt),-1,0,0,10,0,0,0,0,0,0,none,1,0,0,0,0,0,0,0,-1,1,128,0,0,0,0,0,\N,0,-1,-1,-1,0,0,0,0,0,0,0,0,0,\N
1505,マミーロード (mummy madness),-1,0,0,1,0,0,0,0,0,0,attack,3,50,7,30,0,0,0,0,-1,1,64,0,12,5,0,0,\N,30,4159,-1,-1,0,0,0,0,0,1,0,0,0,\N
1506,マミーロード (mummy solid),-1,0,0,1,0,0,0,0,0,0,attack,3,20,12,15,0,0,0,0,-1,0,64,0,12,3,0,0,\N,30,4159,-1,-1,0,0,0,0,0,1,0,0,0,\N
1507,マミーロード (mummy summon user),-1,0,0,1,0,0,0,0,10,0,buff,1,0,0,0,0,0,0,0,-1,0,128,0,6,0,0,0,\N,0,-1,-1,-1,0,0,0,0,0,1,0,0,0,\N
1508,マミーロード (mummy skin),-1,0,0,1,0,0,0,0,0,960,buff,0,0,0,0,0,0,0,0,-1,1,2,0,6,0,0,0,\N,30,2252,-1,-1,0,0,0,0,0,1,0,0,0,\N
1509,マミーロード (mummy entangle),152,0,0,1,0,0,0,0,0,64,buff,3,0,0,0,99,10,0,0,99,1,1,0,10,0,0,0,\N,30,2250,-1,-1,0,0,0,0,0,0,0,0,0,\N
1510,マミーロード (mummy earth bind),157,0,0,1,0,0,0,0,0,8,buff,3,0,0,0,90,30,0,0,99,1,1,0,8,0,0,0,\N,30,2251,-1,-1,0,0,0,0,0,0,0,0,0,L1StatusBind
1511,クーガー (cougar solid1),66,0,0,10,0,0,0,0,0,5,buff,3,0,0,0,98,0,0,0,99,0,1,0,3,0,0,0,\N,1,6534,-1,-1,0,0,0,0,0,0,0,0,0,L1StatusSleep
1512,クーガー (cougar solid2),-1,0,0,20,0,0,0,0,0,6,buff,3,0,0,0,98,0,0,0,99,0,1,0,3,0,0,0,\N,1,7182,-1,-1,0,0,0,0,0,1,0,0,0,\N
1513,グリム (grim stun),87,0,0,1,0,0,0,0,0,0.1\,1\,1.5\,2\,3\,4\,5\,5,none,3,0,0,0,98,10,0,0,99,0,1,0,15,15,0,0,\N,1,4183,-1,-1,0,0,0,0,0,1,0,0,0,L1StatusStun
1514,グリム (grim bolt),-1,0,0,20,0,0,0,0,0,0,attack,3,30,16,18,0,0,0,0,-1,8,64,0,15,0,0,0,\N,18,3396,-1,-1,0,0,0,0,0,0,0,0,0,\N
1515,グリム (grim circle),-1,0,0,10,0,0,0,0,0,0,attack,3,0,15,16,0,0,0,0,-1,1,64,0,8,7,0,0,\N,19,3396,-1,-1,0,0,0,0,0,0,0,0,0,\N
1516,グリム (grim blizzard),-1,0,0,10,0,0,0,0,0,0,none,3,0,6,50,0,0,0,0,-1,1,64,0,15,15,0,0,\N,19,4073,-1,-1,0,0,0,0,0,0,0,0,0,\N
1517,グリム (grim lightning),-1,0,0,1,0,0,0,0,0,0,none,3,50,15,30,0,0,0,0,-1,1,64,0,5,5,0,0,\N,18,4784,-1,-1,0,0,0,0,0,0,0,0,0,\N
1518,グリム (grim tornado),-1,0,0,10,0,0,0,0,0,0,none,3,30,16,18,0,0,0,0,-1,0,64,0,8,8,0,0,\N,19,4601,-1,-1,0,0,0,0,0,1,0,0,0,\N
1519,グリム (grim mass cancel),44,0,0,10,0,0,0,0,0,0,none,1,0,0,0,0,0,151,2,99,0,1,0,15,15,0,0,\N,18,-1,-1,870,0,0,0,0,0,1,1,0,0,\N
1520,グリム (grim darkness),-1,0,0,10,0,0,0,0,0,32,buff,3,0,0,0,98,10,0,0,99,0,1,0,15,0,0,0,\N,0,2175,-1,-1,0,0,0,0,0,0,0,0,0,\N
1528,ウグヌス (ugnus a),-1,0,0,50,0,0,0,0,0,0,attack,3,20,8,27,0,0,0,0,-1,0,64,0,10,0,0,0,\N,18,4470,-1,-1,0,0,0,0,0,0,0,0,0,\N
1529,ウグヌス (ugnus b),-1,0,0,50,0,0,0,0,0,0,attack,3,40,14,32,0,0,0,0,-1,0,64,0,10,0,0,0,\N,18,7726,-1,-1,0,0,0,0,0,0,0,0,0,\N
1530,ウグヌス (ugnus c),-1,0,0,200,0,0,0,0,0,0,none,3,80,15,25,0,0,0,0,-1,2,64,0,6,6,0,0,\N,18,4469,-1,-1,0,0,0,0,0,0,0,0,0,\N
1531,ウグヌス (ugnus d),-1,0,0,200,0,0,0,0,0,0,none,3,80,20,35,0,0,0,0,-1,2,64,0,6,6,0,0,\N,19,7725,-1,-1,0,0,0,0,0,0,0,0,0,\N
3000,フローティングアイステーキ,-1,0,0,0,0,0,0,0,0,920,none,0,0,0,0,0,0,0,0,-1,0,0,0,0,0,0,0,,0,-1,-1,-1,0,0,0,0,0,1,0,0,1,L1DishBuff
3001,ベアーステーキ,-1,0,0,0,0,0,0,0,0,920,none,0,0,0,0,0,0,0,0,-1,0,0,0,0,0,0,0,,0,-1,-1,-1,0,0,0,0,0,1,0,0,1,L1DishBuff
3002,ナッツ餅,-1,0,0,0,0,0,0,0,0,920,none,0,0,0,0,0,0,0,0,-1,0,0,0,0,0,0,0,,0,-1,-1,-1,0,0,0,0,0,1,0,0,1,L1DishBuff
3003,蟻脚のチーズ焼き,-1,0,0,0,0,0,0,0,0,920,none,0,0,0,0,0,0,0,0,-1,0,0,0,0,0,0,0,,0,-1,-1,-1,0,0,0,0,0,1,0,0,1,L1DishBuff
3004,フルーツサラダ,-1,0,0,0,0,0,0,0,0,920,none,0,0,0,0,0,0,0,0,-1,0,0,0,0,0,0,0,,0,-1,-1,-1,0,0,0,0,0,1,0,0,1,L1DishBuff
3005,フルーツ甘酢あんかけ,-1,0,0,0,0,0,0,0,0,920,none,0,0,0,0,0,0,0,0,-1,0,0,0,0,0,0,0,,0,-1,-1,-1,0,0,0,0,0,1,0,0,1,L1DishBuff
3006,猪肉の串焼き,-1,0,0,0,0,0,0,0,0,920,none,0,0,0,0,0,0,0,0,-1,0,0,0,0,0,0,0,,0,-1,-1,-1,0,0,0,0,0,1,0,0,1,L1DishBuff
3007,キノコスープ,-1,0,0,0,0,0,0,0,0,920,none,0,0,0,0,0,0,0,0,-1,0,0,0,0,0,0,0,,0,-1,-1,-1,0,0,0,0,0,1,0,0,0,L1DishBuff
3008,幻想のフローティングアイステーキ,-1,0,0,0,0,0,0,0,0,920,none,0,0,0,0,0,0,0,0,-1,0,0,0,0,0,0,0,,0,-1,-1,-1,0,0,0,0,0,1,0,0,1,L1DishBuff
3009,幻想のベアーステーキ,-1,0,0,0,0,0,0,0,0,920,none,0,0,0,0,0,0,0,0,-1,0,0,0,0,0,0,0,,0,-1,-1,-1,0,0,0,0,0,1,0,0,1,L1DishBuff
3010,幻想のナッツ餅,-1,0,0,0,0,0,0,0,0,920,none,0,0,0,0,0,0,0,0,-1,0,0,0,0,0,0,0,,0,-1,-1,-1,0,0,0,0,0,1,0,0,1,L1DishBuff
3011,幻想の蟻脚のチーズ焼き,-1,0,0,0,0,0,0,0,0,920,none,0,0,0,0,0,0,0,0,-1,0,0,0,0,0,0,0,,0,-1,-1,-1,0,0,0,0,0,1,0,0,1,L1DishBuff
3012,幻想のフルーツサラダ,-1,0,0,0,0,0,0,0,0,920,none,0,0,0,0,0,0,0,0,-1,0,0,0,0,0,0,0,,0,-1,-1,-1,0,0,0,0,0,1,0,0,1,L1DishBuff
3013,幻想のフルーツ甘酢あんかけ,-1,0,0,0,0,0,0,0,0,920,none,0,0,0,0,0,0,0,0,-1,0,0,0,0,0,0,0,,0,-1,-1,-1,0,0,0,0,0,1,0,0,1,L1DishBuff
3014,幻想の猪肉の串焼き,-1,0,0,0,0,0,0,0,0,920,none,0,0,0,0,0,0,0,0,-1,0,0,0,0,0,0,0,,0,-1,-1,-1,0,0,0,0,0,1,0,0,1,L1DishBuff
3015,幻想のキノコスープ,-1,0,0,0,0,0,0,0,0,920,none,0,0,0,0,0,0,0,0,-1,0,0,0,0,0,0,0,,0,-1,-1,-1,0,0,0,0,0,1,0,0,0,L1DishBuff
3016,キャビアカナッペ,-1,0,0,0,0,0,0,0,0,920,none,0,0,0,0,0,0,0,0,-1,0,0,0,0,0,0,0,,0,-1,-1,-1,0,0,0,0,0,1,0,0,1,L1DishBuff
3017,アリゲーターステーキ,-1,0,0,0,0,0,0,0,0,920,none,0,0,0,0,0,0,0,0,-1,0,0,0,0,0,0,0,,0,-1,-1,-1,0,0,0,0,0,1,0,0,1,L1DishBuff
3018,タートルドラゴンの菓子,-1,0,0,0,0,0,0,0,0,920,none,0,0,0,0,0,0,0,0,-1,0,0,0,0,0,0,0,,0,-1,-1,-1,0,0,0,0,0,1,0,0,1,L1DishBuff
3019,キウィパロット焼き,-1,0,0,0,0,0,0,0,0,920,none,0,0,0,0,0,0,0,0,-1,0,0,0,0,0,0,0,,0,-1,-1,-1,0,0,0,0,0,1,0,0,1,L1DishBuff
3020,スコーピオン焼き,-1,0,0,0,0,0,0,0,0,920,none,0,0,0,0,0,0,0,0,-1,0,0,0,0,0,0,0,,0,-1,-1,-1,0,0,0,0,0,1,0,0,1,L1DishBuff
3021,イレッカドムシチュー,-1,0,0,0,0,0,0,0,0,920,none,0,0,0,0,0,0,0,0,-1,0,0,0,0,0,0,0,,0,-1,-1,-1,0,0,0,0,0,1,0,0,1,L1DishBuff
3022,クモ脚の串焼き,-1,0,0,0,0,0,0,0,0,920,none,0,0,0,0,0,0,0,0,-1,0,0,0,0,0,0,0,,0,-1,-1,-1,0,0,0,0,0,1,0,0,1,L1DishBuff
3023,クラブスープ,-1,0,0,0,0,0,0,0,0,920,none,0,0,0,0,0,0,0,0,-1,0,0,0,0,0,0,0,,0,-1,-1,-1,0,0,0,0,0,1,0,0,0,L1DishBuff
3024,幻想のキャビアカナッペ,-1,0,0,0,0,0,0,0,0,920,none,0,0,0,0,0,0,0,0,-1,0,0,0,0,0,0,0,,0,-1,-1,-1,0,0,0,0,0,1,0,0,1,L1DishBuff
3025,幻想のアリゲーターステーキ,-1,0,0,0,0,0,0,0,0,920,none,0,0,0,0,0,0,0,0,-1,0,0,0,0,0,0,0,,0,-1,-1,-1,0,0,0,0,0,1,0,0,1,L1DishBuff
3026,幻想のタートルドラゴンの菓子,-1,0,0,0,0,0,0,0,0,920,none,0,0,0,0,0,0,0,0,-1,0,0,0,0,0,0,0,,0,-1,-1,-1,0,0,0,0,0,1,0,0,1,L1DishBuff
3027,幻想のキウィパロット焼き,-1,0,0,0,0,0,0,0,0,920,none,0,0,0,0,0,0,0,0,-1,0,0,0,0,0,0,0,,0,-1,-1,-1,0,0,0,0,0,1,0,0,1,L1DishBuff
3028,幻想のスコーピオン焼き,-1,0,0,0,0,0,0,0,0,920,none,0,0,0,0,0,0,0,0,-1,0,0,0,0,0,0,0,,0,-1,-1,-1,0,0,0,0,0,1,0,0,1,L1DishBuff
3029,幻想のイレッカドムシチュー,-1,0,0,0,0,0,0,0,0,920,none,0,0,0,0,0,0,0,0,-1,0,0,0,0,0,0,0,,0,-1,-1,-1,0,0,0,0,0,1,0,0,1,L1DishBuff
3030,幻想のクモ脚の串焼き,-1,0,0,0,0,0,0,0,0,920,none,0,0,0,0,0,0,0,0,-1,0,0,0,0,0,0,0,,0,-1,-1,-1,0,0,0,0,0,1,0,0,1,L1DishBuff
3031,幻想のクラブスープ,-1,0,0,0,0,0,0,0,0,920,none,0,0,0,0,0,0,0,0,-1,0,0,0,0,0,0,0,,0,-1,-1,-1,0,0,0,0,0,1,0,0,0,L1DishBuff
3032,クラスタシアンのハサミ焼き,-1,0,0,0,0,0,0,0,0,920,none,0,0,0,0,0,0,0,0,-1,0,0,0,0,0,0,0,,0,-1,-1,-1,0,0,0,0,0,1,0,0,1,L1DishBuff
3033,グリフォン焼き,-1,0,0,0,0,0,0,0,0,920,none,0,0,0,0,0,0,0,0,-1,0,0,0,0,0,0,0,,0,-1,-1,-1,0,0,0,0,0,1,0,0,1,L1DishBuff
3034,コカトリスステーキ,-1,0,0,0,0,0,0,0,0,920,none,0,0,0,0,0,0,0,0,-1,0,0,0,0,0,0,0,,0,-1,-1,-1,0,0,0,0,0,1,0,0,1,L1DishBuff
3035,タートルドラゴン焼き,-1,0,0,0,0,0,0,0,0,920,none,0,0,0,0,0,0,0,0,-1,0,0,0,0,0,0,0,,0,-1,-1,-1,0,0,0,0,0,1,0,0,1,L1DishBuff
3036,レッサードラゴンの手羽先,-1,0,0,0,0,0,0,0,0,920,none,0,0,0,0,0,0,0,0,-1,0,0,0,0,0,0,0,,0,-1,-1,-1,0,0,0,0,0,1,0,0,1,L1DishBuff
3037,ドレイク焼き,-1,0,0,0,0,0,0,0,0,920,none,0,0,0,0,0,0,0,0,-1,0,0,0,0,0,0,0,,0,-1,-1,-1,0,0,0,0,0,1,0,0,1,L1DishBuff
3038,深海魚のシチュー,-1,0,0,0,0,0,0,0,0,920,none,0,0,0,0,0,0,0,0,-1,0,0,0,0,0,0,0,,0,-1,-1,-1,0,0,0,0,0,1,0,0,1,L1DishBuff
3039,バシリスクの卵スープ,-1,0,0,0,0,0,0,0,0,920,none,0,0,0,0,0,0,0,0,-1,0,0,0,0,0,0,0,,0,-1,-1,-1,0,0,0,0,0,1,0,0,0,L1DishBuff
3040,幻想のクラスタシアンのハサミ焼き,-1,0,0,0,0,0,0,0,0,920,none,0,0,0,0,0,0,0,0,-1,0,0,0,0,0,0,0,,0,-1,-1,-1,0,0,0,0,0,1,0,0,1,L1DishBuff
3041,幻想のグリフォン焼き,-1,0,0,0,0,0,0,0,0,920,none,0,0,0,0,0,0,0,0,-1,0,0,0,0,0,0,0,,0,-1,-1,-1,0,0,0,0,0,1,0,0,1,L1DishBuff
3042,幻想のコカトリスステーキ,-1,0,0,0,0,0,0,0,0,920,none,0,0,0,0,0,0,0,0,-1,0,0,0,0,0,0,0,,0,-1,-1,-1,0,0,0,0,0,1,0,0,1,L1DishBuff
3043,幻想のタートルドラゴン焼き,-1,0,0,0,0,0,0,0,0,920,none,0,0,0,0,0,0,0,0,-1,0,0,0,0,0,0,0,,0,-1,-1,-1,0,0,0,0,0,1,0,0,1,L1DishBuff
3044,幻想のレッサードラゴンの手羽先,-1,0,0,0,0,0,0,0,0,920,none,0,0,0,0,0,0,0,0,-1,0,0,0,0,0,0,0,,0,-1,-1,-1,0,0,0,0,0,1,0,0,1,L1DishBuff
3045,幻想のドレイク焼き,-1,0,0,0,0,0,0,0,0,920,none,0,0,0,0,0,0,0,0,-1,0,0,0,0,0,0,0,,0,-1,-1,-1,0,0,0,0,0,1,0,0,1,L1DishBuff
3046,幻想の深海魚のシチュー,-1,0,0,0,0,0,0,0,0,920,none,0,0,0,0,0,0,0,0,-1,0,0,0,0,0,0,0,,0,-1,-1,-1,0,0,0,0,0,1,0,0,1,L1DishBuff
3047,幻想のバシリスクの卵スープ,-1,0,0,0,0,0,0,0,0,920,none,0,0,0,0,0,0,0,0,-1,0,0,0,0,0,0,0,,0,-1,-1,-1,0,0,0,0,0,1,0,0,0,L1DishBuff
3048,象牙の塔の妙薬,-1,0,0,0,0,0,0,0,0,920,none,0,0,0,0,0,0,0,0,-1,0,0,0,0,0,0,0,,0,-1,-1,-1,0,0,0,0,0,1,0,0,0,L1DishBuff
4000,ブラックエルダー (ライトニング),-1,0,0,10,0,0,0,0,0,0,attack,3,40,5,5,0,0,0,0,-1,8,64,0,8,3,0,0,,18,7977,-1,-1,0,0,0,0,0,0,0,0,0,\N
4001,ブラックエルダー デスヒール,5000,0,0,10,0,0,0,0,0,12,none,1,0,0,0,0,0,0,0,-1,0,2,0,6,6,0,0,\N,18,-1,-1,7780,0,0,0,0,0,1,0,0,0,\N
4002,ブラックエルダー デスポーション,5001,0,0,10,0,0,0,0,0,12,none,1,0,0,0,0,0,0,0,-1,0,2,0,6,6,0,0,\N,18,-1,-1,7781,0,0,0,0,0,1,0,0,0,\N
4003,ドレイク (範囲ウィンドシャックル),167,0,0,10,0,0,0,0,0,16,none,1,0,0,0,0,0,0,0,-1,8,2,0,8,8,0,0,\N,1,-1,-1,7993,0,0,0,0,0,1,0,0,0,L1WindShackle
4004,カーツ (デスヒール),5000,0,0,10,0,0,0,0,0,12,none,1,0,0,0,0,0,0,0,-1,0,2,0,6,6,0,0,\N,18,-1,-1,7780,0,0,0,0,0,1,0,0,0,\N
4005,カーツ (デスポーション),5001,0,0,10,0,0,0,0,0,12,none,1,0,0,0,0,0,0,0,-1,0,2,0,6,6,0,0,\N,18,-1,-1,7781,0,0,0,0,0,1,0,0,0,\N
4006,カーツ (物理範囲),-1,0,0,0,0,0,0,0,0,0,none,3,30,6,5,0,0,0,0,-1,0,64,0,6,6,0,0,\N,30,4173,-1,-1,0,0,0,0,0,1,0,0,0,\N
4015,パプリオンデスヒール,5000,0,0,50,0,0,0,0,0,12,buff,3,0,0,0,50,0,0,0,-1,0,2,0,4,8,0,64,,51,7780,-1,7780,0,0,280,0,0,0,0,0,0,\N
4016,パプリオンリデュースヒール,-1,0,0,50,0,0,0,0,0,12,buff,3,0,0,0,33,50,0,0,-1,4,2,0,4,8,0,16,,51,7782,-1,7782,0,0,280,0,0,0,0,0,1,L1MarkerSkill
4017,パプリオンデスポーション,5001,0,0,50,0,0,0,0,0,12,buff,3,0,0,0,50,0,0,0,-1,0,2,0,4,8,0,64,,51,7781,-1,7781,0,0,280,0,0,0,0,0,0,\N
4018,パプリオン(毒ブレス),-1,0,0,0,0,0,0,0,0,0,attack,3,100,5,5,50,0,0,0,-1,0,64,0,4,8,0,0,,18,-1,-1,-1,0,0,0,0,0,0,0,0,0,\N
4019,パプリオン範囲,-1,0,0,0,0,0,0,0,0,0,attack,3,100,5,5,50,0,0,0,-1,4,64,0,4,8,0,0,,20,-1,-1,-1,0,0,0,0,0,0,0,0,0,\N
4500,アンタラス (オーブモーク！ ケネシ),-1,0,0,0,0,0,0,8200,0,0,attack,3,0,0,0,0,0,0,0,-1,0,64,0,3,0,0,0,\N,-1,-1,-1,-1,0,0,0,0,0,1,1,0,0,\N
4501,アンタラス (オーブモーク！ リラフ),-1,0,0,0,0,0,0,4000,0,0,attack,3,0,0,0,0,0,0,0,-1,0,64,0,3,0,0,0,\N,-1,-1,-1,-1,0,0,0,0,0,1,1,0,0,\N
4502,アンタラス (オーブモーク！ ルオタ),-1,0,0,0,0,0,0,6500,0,0,attack,3,0,0,0,0,0,0,0,-1,0,64,0,4,0,0,0,\N,-1,-1,-1,-1,0,0,0,0,0,1,1,0,0,\N
4503,アンタラス (オーブモーク！リオタ) 未実装,-1,0,0,0,0,0,0,0,0,0,none,0,0,0,0,0,0,0,0,-1,0,0,0,0,0,0,0,\N,0,-1,-1,-1,0,0,0,0,0,1,1,0,0,\N
4504,アンタラス (オーブモーク！ ティセトル),-1,0,0,0,0,0,0,4000,0,0,none,3,0,0,0,0,0,0,0,-1,0,128,0,1,0,0,0,\N,-1,-1,-1,-1,0,0,0,0,0,1,1,0,0,\N
4505,アンタラス (オーブモーク！  ケネシ 強化),-1,0,0,0,0,0,0,10000,0,0,attack,3,0,0,0,0,0,0,0,-1,0,64,0,3,0,0,0,\N,-1,-1,-1,-1,0,0,0,0,0,1,1,0,0,\N
4506,アンタラス (オーブモーク！ミューズサム),-1,0,0,0,0,0,0,7800,0,0,attack,3,0,0,0,0,0,0,0,-1,0,64,0,6,0,0,0,\N,-1,-1,-1,-1,0,0,0,0,0,1,1,0,0,\N
4507,アンタラス (オーブモーク！ミューズシム),-1,0,0,0,0,0,0,8200,0,0,attack,3,0,0,0,0,0,0,0,-1,0,64,0,12,0,0,0,\N,-1,-1,-1,-1,0,0,0,0,0,1,1,0,0,\N
4512,アンタラス (オーブモーク！ナッツサム),-1,0,0,0,0,0,0,8500,0,0,attack,3,0,0,0,0,0,0,0,-1,0,64,0,6,0,0,0,\N,-1,-1,-1,-1,0,0,0,0,0,1,1,0,0,\N
4513,アンタラス (オーブモーク！ナッツシム),-1,0,0,0,0,0,0,7800,0,0,attack,3,0,0,0,0,0,0,0,-1,0,64,0,12,0,0,0,\N,-1,-1,-1,-1,0,0,0,0,0,1,1,0,0,\N
4516,アンタラス (オーブモーク！セイララフ),-1,0,0,0,0,0,0,6000,0,0,attack,3,0,0,0,0,0,0,0,-1,0,64,0,4,0,0,0,\N,-1,-1,-1,-1,0,0,0,0,0,1,1,0,0,\N
4518,アンタラス (オーブモーク！ティフサム),-1,0,0,0,0,0,0,10100,0,0,attack,3,0,0,0,0,0,0,0,-1,0,64,0,6,0,0,0,\N,-1,-1,-1,-1,0,0,0,0,0,1,1,0,0,\N
4519,アンタラス (オーブモーク！ティフシム),-1,0,0,0,0,0,0,10000,0,0,attack,3,0,0,0,0,0,0,0,-1,0,64,0,4,0,0,0,\N,-1,-1,-1,-1,0,0,0,0,0,1,1,0,0,\N
4530,パプリオン (オーブモーク！シュラギル),-1,0,0,0,0,0,0,5100,0,0,attack,3,0,0,0,0,0,0,0,-1,0,64,0,3,0,0,0,\N,-1,-1,-1,-1,0,0,0,0,0,1,1,0,0,\N
4531,パプリオン (オーブモーク！マクレギル),-1,0,0,0,0,0,0,0,0,0,\N,0,0,0,0,0,0,0,0,-1,0,0,0,0,0,0,0,\N,0,-1,-1,-1,0,0,0,0,0,0,0,0,0,\N
5000,デスヒール (基本),-1,0,0,0,0,0,0,0,0,12,none,1,0,0,0,0,0,0,0,-1,0,2,0,8,8,0,0,\N,18,-1,-1,7780,0,0,0,0,0,1,0,0,0,\N
5001,デスポーション (基本),-1,0,0,0,0,0,0,0,0,12,none,1,0,0,0,0,0,0,0,-1,0,2,0,8,8,0,0,\N,18,-1,-1,7781,0,0,0,0,0,1,0,0,0,\N
5002,リデュースヒール (基本),-1,0,0,0,0,0,0,0,0,12,none,1,0,0,0,0,0,0,0,-1,4,2,0,8,8,0,0,\N,18,-1,-1,7782,0,0,0,0,0,0,0,0,0,\N
5003,モンスター キャンセレーション (基本),-1,0,0,1,0,0,0,0,0,0,buff,1,0,0,0,151,10,0,0,-1,0,1,0,-1,0,0,0,\N,18,-1,-1,870,0,0,0,0,0,0,0,0,0,\N
5004,モンスター アイスランス (基本),-1,0,0,1,0,0,0,0,0,6,attack,3,0,0,0,131,10,0,0,-1,4,1,0,-1,0,0,0,\N,18,-1,-1,-1,0,0,0,0,0,0,0,0,0,\N
5005,モンスター ウェポンブレイク (基本),-1,0,0,1,0,0,0,0,0,0,buff,3,0,0,0,131,10,0,0,-1,0,1,0,3,0,0,0,\N,0,172,-1,-1,0,0,0,0,0,0,0,0,0,\N
5011,睡眠効果 (基本),-1,0,0,0,0,0,0,0,0,3,buff,3,0,0,0,0,0,0,0,-1,0,1,0,-1,0,0,0,\N,18,-1,-1,-1,0,0,0,0,0,0,0,0,0,\N
5012,ホールド(足止め)効果 (基本),-1,0,0,0,0,0,0,0,0,3,buff,3,0,0,0,33,0,0,0,-1,0,1,0,-1,0,0,0,\N,18,4184,-1,-1,0,0,0,0,0,0,0,0,0,\N
5013,ホールド(バインド系)効果2 (基本),-1,0,0,0,0,0,0,0,0,12,buff,3,0,0,0,0,0,0,0,-1,1,1,0,-1,0,0,0,\N,18,-1,-1,-1,0,0,0,0,0,0,0,0,0,\N
5014,凍結(アイス系)効果 (基本),-1,0,0,0,0,0,0,0,0,16,buff,3,0,0,0,0,0,0,0,-1,4,1,0,-1,0,0,0,\N,18,-1,-1,-1,0,0,0,0,0,0,0,0,0,\N
5100,フェニックス (炎),-1,0,0,0,0,0,0,0,0,0,none,3,80,20,10,0,0,0,0,-1,2,64,0,-1,-1,0,0,\N,1,5515,-1,-1,0,0,0,0,0,0,0,0,0,\N
5101,フェニックス (範囲キャンセレーション),44,0,0,10,0,0,0,0,0,0,none,1,0,0,0,0,0,191,1.5,99,8,1,0,-1,-1,0,0,\N,1,-1,-1,870,0,0,0,0,0,1,1,0,0,\N
5102,疾風のシャスキー (遠距離特殊),-1,0,0,1,0,0,0,0,0,0,attack,3,120,5,12,0,0,0,0,-1,0,64,0,12,0,0,0,\N,30,1662,-1,-1,0,0,0,0,0,1,0,0,0,\N
5103,疾風のシャスキー (特殊範囲),-1,0,0,1,0,0,0,0,0,0,none,3,80,5,12,0,0,0,0,-1,0,64,0,3,3,0,0,\N,30,4627,-1,-1,0,0,0,0,0,1,0,0,0,\N
5104,狂風のシャスキー (遠距離特殊),-1,0,0,1,0,0,0,0,0,0,attack,3,120,5,12,0,0,0,0,-1,0,64,0,12,0,0,0,\N,30,1662,-1,-1,0,0,0,0,0,1,0,0,0,\N
5105,狂風のシャスキー (特殊範囲),-1,0,0,1,0,0,0,0,0,0,none,3,80,5,12,0,0,0,0,-1,0,64,0,3,3,0,0,\N,30,4627,-1,-1,0,0,0,0,0,1,0,0,0,\N
5106,ビック フット マヨ (アイスイラプション),-1,0,0,1,0,0,0,0,0,0,\N,0,0,0,0,0,0,0,0,-1,4,64,0,12,0,0,0,\N,30,-1,-1,-1,0,0,0,0,0,0,0,0,0,\N
6000,黒蛇の気,-1,0,0,0,0,0,0,0,0,1800,buff,3,0,0,0,0,0,0,0,-1,0,2,0,-1,0,0,0,\N,0,4914,-1,-1,0,0,0,1,0,1,0,0,0,\N
7849,パンプキン シャックル,-1,0,0,0,0,0,0,0,0,4,buff,3,0,0,0,0,0,0,0,-1,8,64,0,0,0,0,0,,0,7849,-1,-1,1001,0,280,0,0,0,0,0,1,L1WindShackle
8000,カーツ ソード (コールライトニング),-1,0,0,0,0,0,0,0,0,0,attack,3,40,8,5,0,0,0,0,-1,8,64,0,1,0,0,0,,1,10,-1,-1,0,0,0,0,0,0,0,0,0,\N
8001,デスナイト フレイムブレード (サンバースト),-1,0,0,0,0,0,0,0,0,0,attack,3,40,5,16,0,0,0,0,-1,0,64,0,1,0,0,0,,1,1811,-1,-1,0,0,0,0,0,0,0,0,0,\N
8002,ロンドゥ デュアルブレード (アースジェイル),-1,0,0,0,0,0,0,0,0,0,attack,3,50,3,5,0,0,0,0,-1,2,64,0,1,0,0,0,,1,1805,-1,-1,0,0,0,0,0,0,0,0,0,\N
8003,アイスクイーン スタッフ (コーンオブコールド),-1,0,0,0,0,0,0,0,0,0,attack,3,40,6,5,0,0,0,0,-1,4,64,0,1,0,0,0,,1,1810,-1,-1,0,0,0,0,0,0,0,0,0,\N
8004,バフォメットスタッフ (イラプション),-1,0,0,0,0,0,0,0,0,0,attack,3,50,3,5,0,0,0,0,-1,1,64,0,1,0,0,0,\N,1,129,-1,-1,0,0,0,0,0,0,0,0,0,\N
8005,ルナライト アロー,-1,0,0,0,0,0,0,0,0,0,attack,3,0,0,0,0,0,0,0,-1,0,64,0,-1,0,0,0,,1,6288,-1,-1,0,0,0,0,0,0,0,0,0,\N
8006,ライトニングエッジ (エレクトリック ショック),-1,0,0,0,0,0,0,0,0,0,attack,3,30,6,5,0,0,0,0,-1,8,64,0,1,0,0,0,\N,1,3940,-1,-1,0,0,0,0,0,0,0,0,0,\N
8007,レイジングウィンド (ダーク ライトニング),-1,0,0,0,0,0,0,0,0,0,attack,3,30,6,5,0,0,0,0,-1,8,64,0,1,0,0,0,\N,1,5524,-1,-1,0,0,0,0,0,0,0,0,0,\N
8008,フリージング ランサー (コールド チェイサー),-1,0,0,0,0,0,0,0,0,0,attack,3,30,6,5,0,0,0,0,-1,4,64,0,2,0,0,0,\N,1,6012,-1,-1,0,0,0,0,0,0,0,0,0,\N
8009,エンジェルスレイヤー (エルヴン アロー),-1,0,0,0,0,0,0,0,0,0,attack,3,30,6,5,0,0,0,0,-1,8,64,0,-1,0,0,0,\N,1,9361,-1,-1,0,0,0,0,0,0,0,0,0,\N
8010,エンジェル スタッフ (ターンアンデッド),18,0,0,0,0,0,0,0,0,0,buff,3,0,0,0,0,8,0,0,-1,0,4,0,1,0,0,0,\N,1,754,-1,-1,0,0,0,0,0,0,0,0,0,\N
8011,パンプキン ロックダウン,-1,0,0,0,0,0,0,0,0,0,attack,3,10,10,2,0,0,0,0,-1,1,64,0,-1,0,0,0,,1,2750,-1,-1,0,0,0,0,0,0,0,0,0,\N
8012,パンプキン シャックル,-1,0,0,0,0,0,0,0,0,4,buff,3,0,0,0,0,6,0,0,-1,8,1,0,-1,0,0,0,\N,1,7849,-1,-1,0,0,0,0,0,0,0,0,0,\N
8013,パンプキン ロック ストライク,-1,0,0,0,0,0,0,0,0,0,attack,3,10,10,2,0,0,0,0,-1,1,64,0,-1,0,0,0,\N,1,-1,-1,-1,0,0,0,0,0,0,0,0,0,\N
8014,テーベ チェイサー,-1,0,0,0,0,0,0,0,0,0,attack,3,10,15,5,0,0,0,0,-1,1,64,0,-1,0,0,0,\N,1,7025,-1,-1,0,0,0,0,0,0,0,0,0,\N
8015,ククルカン チェイサー,-1,0,0,0,0,0,0,0,0,0,attack,3,10,15,5,0,0,0,0,-1,4,64,0,-1,0,0,0,\N,1,7179,-1,-1,0,0,0,0,0,0,0,0,0,\N
8016,マリス エレメント クロウ (カーズ ポイズン),-1,0,0,0,0,0,0,0,0,0,buff,3,0,0,0,0,6,0,0,-1,0,4,0,1,0,0,0,\N,1,10705,-1,-1,0,0,0,0,0,0,0,0,0,\N
8017,マリス エレメント スタッフ (チルタッチ),-1,0,0,0,0,0,0,0,0,0,attack,3,10,10,2,0,0,0,0,-1,4,64,0,1,0,0,0,\N,1,252,-1,-1,0,0,0,0,0,0,0,0,0,\N
8018,マリス エレメント チェーンソード (サンダー グラップ),192,0,0,0,0,0,0,0,0,3,attack,3,40,8,5,25,0,0,0,-1,8,64,0,2,0,0,0,\N,1,6512,-1,-1,0,0,0,0,0,0,0,0,0,L1StatusHold
8019,マリス エレメント ボウ (ファイアーアロー),-1,0,0,0,0,0,0,0,0,0,attack,3,10,10,2,0,0,0,0,-1,2,64,0,-1,0,0,0,\N,1,1583,-1,-1,0,0,0,0,0,0,0,0,0,\N
8020,マリス エレメント ソード (ファイアーボール),-1,0,0,0,0,0,0,0,0,0,attack,3,0,9,5,0,0,0,0,-1,2,64,0,-1,3,0,0,\N,1,218,-1,218,0,0,0,0,0,0,0,0,0,\N
8021,真紅のクロスボウ (ホールド),-1,0,0,0,0,0,0,0,0,0,buff,3,0,0,0,0,0,0,0,-1,0,4,0,-1,0,0,0,\N,1,4184,-1,-1,0,0,0,0,0,0,0,0,0,\N
8022,極寒のチェーンソード (アイスイラプション),-1,0,0,0,0,0,0,0,0,0,attack,3,50,6,5,0,0,0,0,-1,4,64,0,2,0,0,0,\N,1,3687,-1,-1,0,0,0,0,0,0,0,0,0,\N
8023,ベノムブレイズ,-1,0,0,0,0,0,0,0,0,0,attack,3,20,4,3,0,0,0,0,-1,1,64,0,1,0,0,0,\N,1,9359,-1,-1,0,0,0,0,0,0,0,0,0,\N
8024,サイレンスソード (サイレンス),64,0,0,0,0,0,0,0,0,16,buff,3,0,0,0,100,0,0,0,-1,0,1,0,1,0,0,0,\N,1,2177,-1,-1,0,0,0,0,0,0,0,0,1,\N
8030,バルログのツーハンド ソード (メテオ),-1,0,0,0,0,0,0,0,0,0,attack,3,0,9,20,0,0,0,0,-1,2,64,0,-1,3,0,0,,1,762,-1,-1,0,0,0,0,0,0,0,0,0,\N
8051,サファイア キーリンク,-1,0,0,0,0,0,0,0,0,0,attack,3,16,5,2,0,0,0,0,-1,0,0,0,0,0,0,0,\N,1,6983,-1,-1,0,0,0,0,0,0,0,0,0,\N
8052,ダーク ストーン キーリンク,-1,0,0,0,0,0,0,0,0,0,attack,3,14,5,2,0,0,0,0,-1,0,0,0,0,0,0,0,\N,1,7049,-1,-1,0,0,0,0,0,0,0,0,0,\N
8053,マリス エレメント キーリンク,-1,0,0,0,0,0,0,0,0,0,attack,3,16,5,2,0,0,0,0,-1,0,0,0,0,0,0,0,\N,1,7049,-1,-1,0,0,0,0,0,0,0,0,0,\N
8054,エルモア キーリンク,-1,0,0,0,0,0,0,0,0,0,attack,3,18,5,3,0,0,0,0,-1,0,0,0,0,0,0,0,\N,1,7049,-1,-1,0,0,0,0,0,0,0,0,0,\N
8055,9周年 アニバーサリーキーリング,-1,0,0,0,0,0,0,0,0,0,attack,3,16,5,2,0,0,0,0,-1,0,0,0,0,0,0,0,\N,1,7049,-1,-1,0,0,0,0,0,0,0,0,0,\N
8056,隠された魔族のキーリンク,-1,0,0,0,0,0,0,0,0,0,attack,3,18,5,3,0,0,0,0,-1,0,0,0,0,0,0,0,\N,1,7049,-1,-1,0,0,0,0,0,0,0,0,0,\N
8057,冷寒のキーリンク,-1,0,0,0,0,0,0,0,0,0,attack,3,16,5,2,0,0,0,0,-1,0,0,0,0,0,0,0,\N,1,7049,-1,-1,0,0,0,0,0,0,0,0,0,\N
8058,パンプキン キーリンク 2012,-1,0,0,0,0,0,0,0,0,0,attack,3,16,5,2,0,0,0,0,-1,0,0,0,0,0,0,0,\N,1,7049,-1,-1,0,0,0,0,0,0,0,0,0,\N
9500,天狗 (遠距離特殊),-1,0,0,5,0,0,0,0,0,0,attack,3,50,6,5,0,0,0,0,-1,0,64,0,6,0,0,0,\N,18,10963,-1,-1,0,0,0,0,0,0,0,0,0,\N
9501,鵺 (遠距離毒攻撃),-1,0,0,10,0,0,0,0,0,0,attack,3,20,5,2,0,0,0,0,-1,0,64,0,6,2,0,0,\N,18,10672,-1,-1,0,0,0,0,0,0,0,0,0,\N
9502,ろくろ首 (遠距離特殊),-1,0,0,1,0,0,0,0,0,0,attack,3,10,5,2,0,0,0,0,-1,0,64,0,6,0,0,0,\N,18,10682,-1,-1,0,0,0,0,0,0,0,0,0,\N
9504,ろくろ首 (ウィークネス),47,0,0,5,0,0,0,0,0,64,buff,3,0,0,0,0,0,131,2,-1,0,4,0,3,0,0,0,\N,19,2228,-1,-1,0,0,280,0,0,0,1,0,1,L1Weakness
9505,河太郎 (遠距離特殊),-1,0,0,5,0,0,0,0,0,0,attack,3,30,5,2,0,0,0,0,-1,0,64,0,6,0,0,0,\N,18,10568,-1,-1,0,0,0,0,0,0,0,0,0,\N
9506,河太郎 (近距離特殊範囲),-1,0,0,5,0,0,0,0,0,0,none,3,30,10,2,0,0,0,0,-1,0,64,0,2,2,0,0,\N,19,-1,-1,-1,0,0,0,0,0,0,0,0,0,\N
9507,唐傘お化け (ディジーズ),56,0,0,5,0,0,0,0,0,64,buff,3,0,0,0,0,0,161,2.5,99,0,4,0,3,0,0,0,\N,30,2230,-1,-1,0,0,280,0,0,0,1,0,1,L1Disease
10000,ゾンビロード(広範囲魔法),-1,0,0,5,0,0,0,0,0,0,none,3,100,10,10,0,0,0,0,-1,0,64,0,0,6,0,0,,18,2806,-1,-1,0,0,0,0,0,0,0,0,0,\N
10001,シアー(魔法),-1,0,0,5,0,0,0,0,0,0,none,3,100,10,10,0,0,0,0,-1,0,64,0,0,15,0,0,,18,2775,-1,-1,0,0,0,0,0,0,0,0,0,\N
10002,アイスクイーン(ブリザード),-1,0,0,5,0,0,0,0,0,0,none,3,100,10,10,0,0,0,0,-1,4,64,0,0,6,0,0,,18,2261,-1,-1,0,0,0,0,0,0,0,0,0,\N
10004,ゼニスクイーン(広範囲魔法),-1,0,0,5,0,0,0,0,0,0,none,3,100,10,10,0,0,0,0,-1,0,64,0,0,6,0,0,,18,2810,-1,-1,0,0,0,0,0,0,0,0,0,\N
10006,バンパイア(魔法),-1,0,0,5,0,0,0,0,0,0,none,3,100,10,10,0,0,0,0,-1,0,64,0,0,6,0,0,,19,2760,-1,-1,0,0,0,0,0,0,0,0,0,\N
10010,リッチ(広範囲魔法),-1,0,0,5,0,0,0,0,0,0,none,3,100,10,10,0,0,0,0,-1,0,64,0,0,3,0,0,,18,2510,-1,-1,0,0,0,0,0,0,0,0,0,\N
10011,medusa e,-1,0,0,5,0,0,0,0,0,0,none,3,100,10,10,0,0,0,0,-1,0,64,0,0,6,0,0,,18,2537,-1,-1,0,0,0,0,0,0,0,0,0,\N
10012,グリムリーパー(広範囲魔法),-1,0,0,5,0,0,0,0,0,0,none,3,100,10,10,0,0,0,0,-1,0,64,0,0,-1,0,0,,18,3393,-1,-1,0,0,0,0,0,0,0,0,0,\N
10013,super grimreaper sickle e screen,-1,0,0,5,0,0,0,0,0,0,none,3,100,10,10,0,0,0,0,-1,0,64,0,0,6,0,0,,18,3396,-1,-1,0,0,0,0,0,0,0,0,0,\N
10014,イフリート(槍投げ),-1,0,0,5,0,0,0,0,0,0,attack,3,100,10,10,0,0,0,0,-1,2,64,0,6,2,0,0,,18,1776,-1,-1,0,0,0,0,0,0,0,0,0,\N
10015,basilisk s blast,-1,0,0,5,0,0,0,0,0,0,attack,3,100,10,10,0,0,0,0,-1,0,64,0,6,0,0,0,,18,1043,-1,-1,0,0,0,0,0,0,0,0,0,\N
10016,windcutter bomb,-1,0,0,5,0,0,0,0,0,0,attack,3,100,10,10,0,0,0,0,-1,8,64,0,6,2,0,0,,18,1800,-1,-1,0,0,0,0,0,0,0,0,0,\N
10017,icedagger bomb,-1,0,0,5,0,0,0,0,0,0,attack,3,100,10,10,0,0,0,0,-1,4,64,0,6,2,0,0,,18,1798,-1,-1,0,0,0,0,0,0,0,0,0,\N
10019,エンシェントジャイアント(アースクエイク),-1,0,0,5,0,0,0,0,0,0,none,3,100,10,10,0,0,0,0,-1,1,64,0,0,-1,0,0,,18,2483,-1,-1,0,0,0,0,0,0,0,0,0,\N
10020,地の大精霊(遠距離魔法),-1,0,0,5,0,0,0,0,0,0,attack,3,100,10,10,0,0,0,0,-1,1,64,0,8,0,0,0,,19,2750,-1,-1,0,0,0,0,0,0,0,0,0,\N
10021,火の大精霊(ファイアーボール),-1,0,0,5,0,0,0,0,0,0,attack,3,100,10,10,0,0,0,0,-1,2,64,0,8,0,0,0,,19,2748,-1,-1,0,0,0,0,0,0,0,0,0,\N
10022,水の大精霊(遠距離魔法),-1,0,0,5,0,0,0,0,0,0,attack,3,100,10,10,0,0,0,0,-1,4,64,0,8,0,0,0,,18,2739,-1,-1,0,0,0,0,0,0,0,0,0,\N
10023,spirit of water boss spear,-1,0,0,5,0,0,0,0,0,0,attack,3,100,10,10,0,0,0,0,-1,4,64,0,8,0,0,0,,18,2740,-1,-1,0,0,0,0,0,0,0,0,0,\N
10024,デーモン(広範囲魔法),-1,0,0,5,0,0,0,0,0,0,none,3,100,10,10,0,0,0,0,-1,2,64,0,0,6,0,0,,30,2510,-1,-1,0,0,0,0,0,0,0,0,0,\N
10025,堕落(広範囲魔法),-1,0,0,5,0,0,0,0,0,0,none,3,100,10,10,0,0,0,0,-1,0,64,0,0,4,0,0,,18,4326,-1,-1,0,0,0,0,0,0,0,0,0,\N
10026,リンドビオル(安息),-1,0,0,5,0,0,0,0,0,0,attack,3,1500,10,50,0,0,0,0,-1,8,64,0,20,0,1,0,,30,4166,-1,-1,0,0,0,0,0,1,0,0,0,\N
10027,アンタラス(安息),-1,0,0,5,0,0,0,0,0,0,attack,3,1500,10,50,0,0,0,0,-1,1,64,0,20,0,1,0,,30,4156,-1,-1,0,0,0,0,0,1,0,0,0,\N
10028,ヴァラカス(安息),-1,0,0,5,0,0,0,0,0,0,attack,3,1500,10,50,0,0,0,0,-1,2,64,0,20,0,1,0,,30,4160,-1,-1,0,0,0,0,0,1,0,0,0,\N
10029,パプリオン(安息),-1,0,0,5,0,0,0,0,0,0,attack,3,1500,10,50,0,0,0,0,-1,4,64,0,20,0,1,0,,30,4163,-1,-1,0,0,0,0,0,1,0,0,0,\N
10030,サキュバス(単体魔法),-1,0,0,20,0,0,0,0,0,0,attack,3,40,10,3,0,0,0,0,-1,4,64,0,-1,0,0,0,,18,1115,-1,-1,0,0,0,0,0,0,0,0,0,\N
10031,succubus g magic,-1,0,0,20,0,0,0,0,0,0,attack,3,80,20,2,0,0,0,0,-1,0,64,0,-1,0,0,0,,18,1119,-1,-1,0,0,0,0,0,0,0,0,0,\N
10032,zenith queen spell e venom,-1,0,0,5,0,0,0,0,0,0,none,3,100,10,10,0,0,0,0,-1,0,64,0,0,6,0,0,,18,2819,-1,-1,0,0,0,0,0,0,0,0,0,\N
10033,Imp Magic,-1,0,0,5,0,0,0,0,0,0,attack,3,10,10,1,0,0,0,0,-1,0,64,0,-1,0,0,0,,18,1161,-1,-1,0,0,0,0,0,0,0,0,0,\N
10034,Bomb Flower E,-1,0,0,0,0,0,0,0,0,0,attack,3,10,8,6,0,0,0,0,-1,2,64,0,10,0,0,0,,18,1991,-1,-1,0,0,0,0,0,0,0,0,0,\N
10035,ライア(アイスイラプション),-1,0,0,32,0,0,0,0,0,0,attack,3,50,10,8,0,0,0,0,-1,5,64,0,9,0,0,0,,18,3685,-1,-1,0,0,0,0,0,0,0,0,0,\N
10036,マンボラビットV(範囲),-1,0,0,5,0,0,0,0,0,0,none,3,100,10,10,0,0,0,0,-1,0,64,0,0,4,0,0,,19,2510,-1,-1,0,0,0,0,0,0,0,0,0,\N
10037,マンボラビットE(範囲),-1,0,0,5,0,0,0,0,0,0,none,3,100,10,10,0,0,0,0,-1,0,64,0,0,4,0,0,,30,2510,-1,-1,0,0,0,0,0,0,0,0,0,\N
10038,深淵の主(広範囲魔法),-1,0,0,5,0,0,0,0,0,0,none,3,100,10,10,0,0,0,0,-1,2,64,0,0,4,0,0,,30,2510,-1,-1,0,0,0,0,0,0,0,0,0,\N
10039,アリオク(特殊),-1,0,0,5,0,0,0,0,0,0,none,3,100,10,10,0,0,0,0,-1,0,64,0,0,4,0,0,,19,2510,-1,-1,0,0,0,0,0,0,0,0,0,\N
10040,Ariorc attack Ii E,-1,0,0,5,0,0,0,0,0,0,none,3,100,10,10,0,0,0,0,-1,0,64,0,0,4,0,0,,18,4374,-1,-1,0,0,0,0,0,0,0,0,0,\N
10041,Ariorc attack Iii E,-1,0,0,5,0,0,0,0,0,0,none,3,100,10,10,0,0,0,0,-1,0,64,0,0,4,0,0,,18,4375,-1,-1,0,0,0,0,0,0,0,0,0,\N
10042,レッサーデーモン(火炎魔方陣),-1,0,0,5,0,0,0,0,0,0,none,3,50,10,8,0,0,0,0,-1,2,64,0,0,2,0,0,,18,2527,-1,-1,0,0,0,0,0,0,0,0,0,\N
10043,ダークフォレスト(範囲魔法),-1,0,0,5,0,0,0,0,0,0,none,3,50,10,8,0,0,0,0,-1,0,64,0,0,4,0,0,,18,3363,-1,-1,0,0,0,0,0,0,0,0,0,\N
10044,ブラックウィザード(単体魔法),-1,0,0,5,0,0,0,0,0,0,attack,3,50,10,8,0,0,0,0,-1,0,64,0,6,0,0,0,,18,3700,-1,-1,0,0,0,0,0,0,0,0,0,\N
10045,Dire Bat L E Screen,-1,0,0,5,0,0,0,0,0,0,attack,3,50,10,8,0,0,0,0,-1,0,64,0,6,0,0,0,,18,3417,-1,-1,0,0,0,0,0,0,0,0,0,\N
10046,Blue Tale Laser,-1,0,0,5,0,0,0,0,0,0,attack,3,50,10,8,0,0,0,0,-1,0,64,0,6,0,0,0,,18,4080,-1,-1,0,0,0,0,0,0,0,0,0,\N
10047,コラプトプリースト(単体魔法),-1,0,0,5,0,0,0,0,0,0,attack,3,50,10,8,0,0,0,0,-1,0,64,0,6,0,0,0,,18,3700,-1,-1,0,0,0,0,0,0,0,0,0,\N
10048,Seadancer M A,-1,0,0,5,0,0,0,0,0,0,attack,3,50,10,8,0,0,0,0,-1,0,64,0,9,0,0,0,,18,1606,-1,-1,0,0,0,0,0,0,0,0,0,\N
10049,Seadancer M B,-1,0,0,5,0,0,0,0,0,0,attack,3,50,10,8,0,0,0,0,-1,0,64,0,9,0,0,0,,18,1608,-1,-1,0,0,0,0,0,0,0,0,0,\N
10050,パプリオン(アイスブレス),-1,0,0,5,0,0,0,0,0,0,attack,3,200,10,8,0,0,0,0,-1,4,64,0,4,6,0,0,,18,2510,-1,-1,0,0,0,0,0,0,0,0,0,\N
10051,パプリオン(泡),-1,0,0,5,0,0,0,0,0,0,none,3,250,10,12,0,0,0,0,-1,4,64,0,0,15,0,0,,19,2510,-1,-1,0,0,0,0,0,0,0,0,0,\N
10052,ヴァラカス(メテオ),-1,0,0,5,0,0,0,0,0,0,none,3,250,10,12,0,0,0,0,-1,2,64,0,0,6,0,0,,18,2510,-1,-1,0,0,0,0,0,0,0,0,0,\N
10053,リンドビオル(電撃),-1,0,0,5,0,0,0,0,0,0,none,3,250,10,12,0,0,0,0,-1,8,64,0,0,6,0,0,,18,2510,-1,-1,0,0,0,0,0,0,0,0,0,\N
10054,アンタラス(ブレス),-1,0,0,5,0,0,0,0,0,0,none,3,250,10,12,0,0,0,0,-1,1,64,0,0,15,0,0,,19,2510,-1,-1,0,0,0,0,0,0,0,0,0,\N
10055,Burst,-1,0,0,5,0,0,0,0,0,0,none,3,100,10,10,0,0,0,0,-1,2,64,0,0,2,0,0,,18,243,-1,-1,0,0,0,0,0,0,0,0,0,\N
10056,デスナイト(アースクエイク),-1,0,0,5,0,0,0,0,0,0,none,3,100,10,10,0,0,0,0,-1,2,64,0,0,4,0,0,,19,245,-1,-1,0,0,0,0,0,0,0,0,0,\N
10057,Recall,-1,0,0,5,0,0,0,0,10000,0,buff,3,0,0,0,0,0,0,0,-1,0,128,0,10,0,0,0,,1,2235,-1,-1,0,0,0,0,0,0,0,0,0,\N
10058,死の司祭サキュバス(単体魔法),-1,0,0,5,0,0,0,0,0,0,attack,3,50,8,5,0,0,0,0,-1,0,64,0,8,0,0,0,,18,4696,-1,-1,0,0,0,0,0,0,0,0,0,\N
10059,死の司祭ベレス(単体魔法),-1,0,0,5,0,0,0,0,0,0,attack,3,70,8,5,0,0,0,0,-1,0,64,0,6,0,0,0,,18,4655,-1,-1,0,0,0,0,0,0,0,0,0,\N
10060,死の司祭デーモン(単体魔法),-1,0,0,5,0,0,0,0,0,0,attack,3,30,8,5,0,0,0,0,-1,0,64,0,6,0,0,0,,18,4579,-1,-1,0,0,0,0,0,0,0,0,0,\N
10061,リッチ(遠距離魔法),-1,0,0,5,0,0,0,0,0,0,attack,3,100,10,10,0,0,0,0,-1,0,64,0,8,3,0,0,,30,2546,-1,-1,0,0,0,0,0,0,0,0,0,\N
10062,グリムリーパー(遠距離魔法),-1,0,0,5,0,0,0,0,0,0,attack,3,100,10,10,0,0,0,0,-1,0,64,0,6,3,0,0,,18,3396,-1,-1,0,0,0,0,0,0,0,0,0,\N
10063,ヤヒ(広範囲魔法),-1,0,0,5,0,0,0,0,0,0,none,3,100,10,10,0,0,0,0,-1,0,64,0,0,10,0,0,,18,2510,-1,-1,0,0,0,0,0,0,0,0,0,\N
10064,ヤヒ(遠距離魔法),-1,0,0,5,0,0,0,0,0,0,attack,3,100,10,10,0,0,0,0,-1,0,64,0,8,3,0,0,,18,2510,-1,-1,0,0,0,0,0,0,0,0,0,\N
10065,パーズ(8セル遠距離特殊攻撃),-1,0,0,0,0,0,0,0,0,0,attack,3,50,8,5,0,0,0,0,-1,8,64,0,8,0,0,0,,18,5663,-1,-1,0,0,0,0,0,0,0,0,0,\N
10066,パーサズ(8セル遠距離特殊攻撃),-1,0,0,0,0,0,0,0,0,0,attack,3,50,8,8,0,0,0,0,-1,8,64,0,8,0,0,0,,18,5469,-1,-1,0,0,0,0,0,0,0,0,0,\N
10067,ディアンガス(炎),-1,0,0,0,0,0,0,0,0,0,attack,3,50,10,10,0,0,0,0,-1,2,64,0,5,5,0,0,,18,2510,-1,-1,0,0,0,0,0,0,0,0,0,\N
10068,アンガス(炎),-1,0,0,0,0,0,0,0,0,0,attack,3,100,10,10,0,0,0,0,-1,2,64,0,5,5,0,0,,18,2510,-1,-1,0,0,0,0,0,0,0,0,0,\N
10069,バルログ(広範囲魔法),-1,0,0,5,0,0,0,0,0,0,none,3,100,10,10,0,0,0,0,-1,2,64,0,0,15,0,0,,18,2510,-1,-1,0,0,0,0,0,0,0,0,0,\N
10070,バルログ(全範囲魔法),-1,0,0,5,0,0,0,0,0,0,none,3,200,10,10,0,0,0,0,-1,2,64,0,0,15,0,0,,18,2510,-1,-1,0,0,0,0,0,0,0,0,0,\N
10071,Freeze,-1,0,0,5,0,0,0,0,0,8,buff,3,0,0,0,0,8,0,0,-1,1,1,0,-1,0,0,0,,19,4184,-1,-1,0,0,0,0,0,0,0,0,0,\N
10072,溺死した魂(2セル遠距離特殊攻撃),-1,0,0,0,0,0,0,0,0,0,attack,3,10,5,5,0,0,0,0,-1,0,64,0,2,0,0,0,,18,2510,-1,-1,0,0,0,0,0,0,0,0,0,\N
10073,溺死した魂(6セル遠距離魔法攻撃),-1,0,0,5,0,0,0,0,0,0,attack,3,10,5,5,0,0,0,0,-1,0,64,0,6,0,0,0,,18,5415,-1,-1,0,0,0,0,0,0,0,0,0,\N
10074,スケルトンイール(6セル遠距離攻撃),-1,0,0,5,0,0,0,0,0,0,attack,3,50,5,5,0,0,0,0,-1,0,64,0,6,0,0,0,,18,5410,-1,-1,0,0,0,0,0,0,0,0,0,\N
10075,大王イカ(広範囲魔法),-1,0,0,5,0,0,0,0,0,0,none,3,100,10,10,0,0,0,0,-1,4,64,0,0,7,0,0,,18,5550,-1,-1,0,0,0,0,0,0,0,0,0,\N
10076,バトルタイガー(遠距離魔法),-1,0,0,10,0,0,0,0,0,0,attack,3,10,5,5,0,0,0,0,-1,0,64,0,6,0,0,0,,18,5131,-1,-1,0,0,0,0,0,0,0,0,0,\N
10077,紀州犬(遠距離魔法),-1,0,0,10,0,0,0,0,0,0,attack,3,6,5,5,0,0,0,0,-1,0,64,0,6,0,0,0,,18,4584,-1,-1,0,0,0,0,0,0,0,0,0,\N
10078,スピリッドの召喚物(遠距離特殊攻撃),-1,0,0,0,0,0,0,0,0,0,attack,3,10,5,5,0,0,0,0,-1,0,64,0,6,0,0,0,,18,4406,-1,-1,0,0,0,0,0,0,0,0,0,\N
10079,スピリッド(遠距離特殊攻撃),-1,0,0,0,0,0,0,0,0,0,attack,3,100,10,10,0,0,0,0,-1,0,64,0,6,0,0,0,,18,4406,-1,-1,0,0,0,0,0,0,0,0,0,\N
10080,ハイリザードマン(6セル遠距離攻撃),-1,0,0,0,0,0,0,0,0,0,attack,3,40,10,3,0,0,0,0,-1,0,64,0,6,0,0,0,,30,4238,-1,-1,0,0,0,0,0,0,0,0,0,\N
10081,カーズドダークエルフナイト(遠距離特殊攻撃),-1,0,0,0,0,0,0,0,0,0,attack,3,10,5,5,0,0,0,0,-1,0,64,0,6,7,0,0,,18,5633,-1,-1,0,0,0,0,0,0,0,0,0,\N
10082,カーズドダークエルフナイト(範囲特殊攻撃),-1,0,0,0,0,0,0,0,0,0,none,3,50,10,10,0,0,0,0,-1,0,64,0,0,3,0,0,,18,5643,-1,-1,0,0,0,0,0,0,0,0,0,\N
10083,旅団長ダークパンサー(遠距離特殊攻撃),-1,0,0,0,0,0,0,0,0,0,attack,3,50,10,10,0,0,0,0,-1,0,64,0,6,0,0,0,,18,4629,-1,-1,0,0,0,0,0,0,0,0,0,\N
10084,旅団長ダークパンサー(範囲特殊攻撃),-1,0,0,0,0,0,0,0,0,0,none,3,100,10,10,0,0,0,0,-1,0,64,0,0,3,0,0,,30,2510,-1,-1,0,0,0,0,0,0,0,0,0,\N
10085,カーズドダークエルフメイジ(単体魔法),-1,0,0,10,0,0,0,0,0,0,attack,3,10,5,5,0,0,0,0,-1,0,64,0,8,0,0,0,,18,5521,-1,-1,0,0,0,0,0,0,0,0,0,\N
10086,血の降霊術師(遠距離特殊攻撃),-1,0,0,0,0,0,0,0,0,0,attack,3,10,10,10,0,0,0,0,-1,0,64,0,8,0,0,0,,1,4673,-1,-1,0,0,0,0,0,0,0,0,0,\N
10087,血の降霊術師(範囲特殊攻撃),-1,0,0,0,0,0,0,0,0,0,none,3,50,10,10,0,0,0,0,-1,0,64,0,0,7,0,0,,30,4676,-1,-1,0,0,0,0,0,0,0,0,0,\N
10088,ダークロード(遠距離特殊攻撃),-1,0,0,0,0,0,0,0,0,0,attack,3,10,10,10,0,0,0,0,-1,0,64,0,8,0,0,0,,1,4660,-1,-1,0,0,0,0,0,0,0,0,0,\N
10089,ダークロード(範囲特殊攻撃),-1,0,0,0,0,0,0,0,0,0,none,3,50,10,10,0,0,0,0,-1,0,64,0,0,7,0,0,,18,4663,-1,-1,0,0,0,0,0,0,0,0,0,\N
10090,ジャイアントガードアント(アースクエイク),-1,0,0,5,0,0,0,0,0,0,none,3,100,10,10,0,0,0,0,-1,1,64,0,0,-1,0,0,,18,1812,-1,-1,0,0,0,0,0,0,0,0,0,\N
10091,ダークエレメンタリスト(3セル範囲攻撃),-1,0,0,0,0,0,0,0,0,0,none,3,10,8,4,0,0,0,0,-1,0,64,0,0,3,0,0,,18,3363,-1,-1,0,0,0,0,0,0,0,0,0,\N
10092,ブラックウィザード(遠距離魔法),-1,0,0,10,0,0,0,0,0,0,attack,3,100,10,10,0,0,0,0,-1,0,64,0,6,0,0,0,,18,3705,-1,-1,0,0,0,0,0,0,0,0,0,\N
10093,ダークフォレスト(遠距離攻撃),-1,0,0,0,0,0,0,0,0,0,attack,3,10,10,3,0,0,0,0,-1,1,64,0,6,2,0,0,,18,3762,-1,-1,0,0,0,0,0,0,0,0,0,\N
10094,ディープフラワー(遠距離攻撃),-1,0,0,0,0,0,0,0,0,0,attack,3,10,10,1,0,0,0,0,-1,1,64,0,6,0,0,0,,18,3572,-1,-1,0,0,0,0,0,0,0,0,0,\N
10095,ブラックエント(範囲魔法攻撃),-1,0,0,0,0,0,0,0,0,0,none,3,50,10,10,0,0,0,0,-1,8,64,0,0,2,0,0,,30,2510,-1,-1,0,0,0,0,0,0,0,0,0,\N
10096,シーダンサー(10セル遠距離特殊攻撃),-1,0,0,0,0,0,0,0,0,0,attack,3,10,5,5,0,0,0,0,-1,4,64,0,10,0,0,0,,18,1606,-1,-1,0,0,0,0,0,0,0,0,0,\N
10097,シーダンサー(8セル遠距離特殊攻撃),-1,0,0,0,0,0,0,0,0,0,attack,3,10,5,5,0,0,0,0,-1,4,64,0,10,0,0,0,,18,1608,-1,-1,0,0,0,0,0,0,0,0,0,\N
10098,カープ(イラプション),-1,0,0,10,0,0,0,0,0,0,attack,3,20,10,6,0,0,0,0,-1,1,64,0,10,0,0,0,,18,5847,-1,-1,0,0,0,0,0,0,0,0,0,\N
10099,ジャイアント ワーム(範囲魔法攻撃),-1,0,0,10,0,0,0,0,0,0,none,3,50,10,10,0,0,0,0,-1,8,64,0,0,7,0,0,,18,5789,-1,-1,0,0,0,0,0,0,0,0,0,\N
10100,呪われた巫女サエル(範囲魔法攻撃),-1,0,0,10,0,0,0,0,0,0,attack,3,50,10,10,0,0,0,0,-1,8,64,0,2,2,0,0,,18,5449,-1,-1,0,0,0,0,0,0,0,0,0,\N
10101,カーズ パラライズ(mob),-1,0,0,0,0,0,0,0,5000,10,buff,3,0,0,0,0,8,0,0,-1,1,4,0,3,0,0,0,$1456,18,746,-1,-1,0,0,280,0,0,0,0,0,0,\N
10102,長老随行員(クロレンス型)(8セル遠距離特殊攻撃),-1,0,0,0,0,0,0,0,0,0,attack,3,20,5,10,0,0,0,0,-1,0,64,0,8,0,0,0,,18,5570,-1,-1,0,0,0,0,0,0,0,0,0,\N
10103,神官長バウンティ(長老随行員バウンティ型)(8セル遠距離特殊攻撃),-1,0,0,0,0,0,0,0,0,0,attack,3,20,5,10,0,0,0,0,-1,0,64,0,8,0,0,0,,18,4840,-1,-1,0,0,0,0,0,0,0,0,0,\N
10104,副祭祀長カサンドラ(神官長カイト)(8セル遠距離特殊攻撃),-1,0,0,0,0,0,0,0,0,0,attack,3,10,10,10,0,0,0,0,-1,0,64,0,8,0,0,0,,18,4706,-1,-1,0,0,0,0,0,0,0,0,0,\N
10105,魔法団長カルミエル(8セル遠距離特殊攻撃),-1,0,0,0,0,0,0,0,0,0,attack,3,10,10,10,0,0,0,0,-1,0,64,0,8,0,0,0,,18,4846,-1,-1,0,0,0,0,0,0,0,0,0,\N
10106,師団長シンクレア(8セル遠距離特殊攻撃),-1,0,0,0,0,0,0,0,0,0,attack,3,10,10,10,0,0,0,0,-1,0,64,0,8,0,0,0,,18,4834,-1,-1,0,0,0,0,0,0,0,0,0,\N
10107,師団長シンクレア(メテオストライク),-1,0,0,0,0,0,0,0,0,0,none,3,50,15,8,0,0,0,0,-1,2,64,0,3,3,0,0,,19,4836,-1,-1,0,0,0,0,0,0,0,0,0,\N
10108,大法官バロード(8セル遠距離特殊攻撃),-1,0,0,0,0,0,0,0,0,0,attack,3,30,10,10,0,0,0,0,-1,0,64,0,8,0,0,0,,18,5474,-1,-1,0,0,0,0,0,0,0,0,0,\N
10109,大法官バロード(5セル範囲特殊攻撃),-1,0,0,0,0,0,0,0,0,0,none,3,100,10,10,0,0,0,0,-1,0,64,0,5,2,0,0,,19,2510,-1,-1,0,0,0,0,0,0,0,0,0,\N
10110,大法官ラミアス(5セル範囲特殊攻撃),-1,0,0,0,0,0,0,0,0,0,none,3,100,10,10,0,0,0,0,-1,2,64,0,5,2,0,0,,19,2510,-1,-1,0,0,0,0,0,0,0,0,0,\N
10111,大法官ティアメス(8セル遠距離特殊攻撃),-1,0,0,0,0,0,0,0,0,0,attack,3,30,10,10,0,0,0,0,-1,2,64,0,8,0,0,0,,18,5281,-1,-1,0,0,0,0,0,0,0,0,0,\N
10112,大法官ティアメス(広範囲),-1,0,0,0,0,0,0,0,0,0,none,3,50,15,8,0,0,0,0,-1,2,64,0,0,15,0,0,,19,4539,-1,-1,0,0,0,0,0,0,0,0,0,\N
10113,大法官イデア(8セル特殊攻撃),-1,0,0,0,0,0,0,0,0,0,attack,3,30,10,10,0,0,0,0,-1,0,64,0,8,0,0,0,,30,5301,-1,-1,0,0,0,0,0,0,0,0,0,\N
10114,大法官エンディアス(5セル範囲特殊攻撃),-1,0,0,0,0,0,0,0,0,0,none,3,100,10,10,0,0,0,0,-1,0,64,0,5,2,0,0,,18,2510,-1,-1,0,0,0,0,0,0,0,0,0,\N
10115,大法官バロメス(7セル範囲特殊攻撃),-1,0,0,0,0,0,0,0,0,0,none,3,80,10,10,0,0,0,0,-1,0,64,0,7,3,0,0,,18,2510,-1,-1,0,0,0,0,0,0,0,0,0,\N
10116,大法官ビアタス(5セル範囲特殊攻撃),-1,0,0,0,0,0,0,0,0,0,none,3,100,10,10,0,0,0,0,-1,0,64,0,5,2,0,0,,18,2510,-1,-1,0,0,0,0,0,0,0,0,0,\N
10117,大法官ケイナ(5セル範囲特殊攻撃),-1,0,0,0,0,0,0,0,0,0,none,3,100,10,10,0,0,0,0,-1,0,64,0,5,2,0,0,,18,5376,-1,-1,0,0,0,0,0,0,0,0,0,\N
10118,カーズドダークエルフ(範囲ショックスタン),-1,0,0,0,0,0,0,0,0,6,buff,3,0,0,0,50,0,0,0,-1,0,1,0,5,3,0,0,,19,4434,-1,-1,0,0,280,0,0,0,0,0,0,\N
10119,カーズドダークエルフファイター(6セル遠距離特殊攻撃),-1,0,0,0,0,0,0,0,0,0,attack,3,10,5,5,0,0,0,0,-1,0,64,0,6,3,0,0,,19,5561,-1,-1,0,0,0,0,0,0,0,0,0,\N
10120,カーズドダークエルフメイジ(10セル遠距離特殊攻撃),-1,0,0,0,0,0,0,0,0,0,attack,3,10,5,5,0,0,0,0,-1,0,64,0,10,0,0,0,,30,5524,-1,-1,0,0,0,0,0,0,0,0,0,\N
10121,カーズドダークエルフナイト(6セル遠距離特殊攻撃),-1,0,0,0,0,0,0,0,0,0,attack,3,10,5,5,0,0,0,0,-1,0,64,0,6,0,0,0,,18,5631,-1,-1,0,0,0,0,0,0,0,0,0,\N
10122,カーズドダークエルフナイト(7セル特殊範囲攻撃),-1,0,0,0,0,0,0,0,0,0,none,3,10,5,5,0,0,0,0,-1,0,64,0,7,3,0,0,,19,5637,-1,-1,0,0,0,0,0,0,0,0,0,\N
10123,カーズドダークエルフナイト(4セル範囲攻撃),-1,0,0,0,0,0,0,0,0,0,attack,3,20,5,5,0,0,0,0,-1,0,64,0,0,3,0,0,,18,5631,-1,-1,0,0,0,0,0,0,0,0,0,\N
10124,オーテュ(8セル遠距離特殊攻撃),-1,0,0,0,0,0,0,0,0,0,attack,3,20,10,5,0,0,0,0,-1,0,64,0,8,0,0,0,,18,5445,-1,-1,0,0,0,0,0,0,0,0,0,\N
10125,テューポン(5セル範囲特殊攻撃),-1,0,0,0,0,0,0,0,0,0,none,3,20,5,5,0,0,0,0,-1,0,64,0,0,2,0,0,,18,5261,-1,-1,0,0,0,0,0,0,0,0,0,\N
10126,ギルタス(砂嵐),-1,0,0,0,0,0,0,0,0,0,attack,3,200,10,15,0,0,0,0,-1,0,64,0,15,3,0,0,,25,5651,-1,-1,0,0,0,0,0,0,0,0,0,\N
10127,ギルタス(アースクエイク),-1,0,0,0,0,0,0,0,0,0,none,3,200,10,20,0,0,0,0,-1,0,64,0,0,15,0,0,,18,5616,-1,-1,0,0,0,0,0,0,0,0,0,\N
10128,ギルタス(アイスブレス),-1,0,0,0,0,0,0,0,0,0,attack,3,200,10,20,0,0,0,0,-1,0,64,0,6,3,0,0,,12,2510,-1,-1,0,0,0,0,0,0,0,0,0,\N
10129,ギルタス(毒霧),-1,0,0,0,0,0,0,0,0,0,none,3,200,10,20,0,0,0,0,-1,0,64,0,0,15,1,0,,19,5638,-1,-1,0,0,0,0,0,0,0,0,0,\N
10130,ギルタス(ブルーバリア),-1,0,0,0,0,0,0,0,0,8,none,0,200,10,20,0,0,0,0,-1,0,2,0,0,5,1,0,,0,5626,-1,-1,0,0,0,0,0,0,0,0,0,\N
10131,テーベ オベリスク(トルネード),-1,7,4,10,0,0,0,0,1000,0,none,3,20,10,5,0,0,0,0,-1,8,64,0,0,3,0,0,,18,2510,-1,-1,0,0,0,0,0,0,0,0,0,\N
10132,テーベ スフィンクス(範囲魔法),-1,0,0,10,0,0,0,0,1000,0,none,3,50,10,8,0,0,0,0,-1,8,64,0,0,3,0,0,,18,6703,-1,-1,0,0,0,0,0,0,0,0,0,\N
10133,コーンオブコールド(act-30),-1,0,0,20,0,0,0,0,0,0,attack,3,30,10,3,0,0,0,0,-1,4,64,0,6,0,0,32,,30,1809,-1,-1,0,0,0,0,0,0,0,0,0,\N
10134,イレッカドム(広範囲電撃攻撃),-1,0,0,0,0,0,0,0,0,0,none,3,10,10,10,0,0,0,0,-1,0,64,0,2,2,0,0,,18,2510,-1,-1,0,0,0,0,0,0,0,0,0,\N
10135,ハイ リザードマン(6セル遠距離特殊攻撃),-1,0,0,4,0,0,0,0,0,0,attack,3,10,8,5,0,0,0,0,-1,0,64,0,6,0,0,0,,30,1606,-1,-1,0,0,0,0,0,0,0,0,0,\N
10136,ファイアーボール(act30),-1,0,0,20,0,0,0,0,0,0,attack,3,4,8,3,0,0,0,0,-1,2,64,0,6,3,0,0,,30,171,-1,-1,0,0,0,0,0,0,0,0,0,\N
10137,テーベ ニ ホス(6セル遠距離特殊攻撃),-1,0,0,10,0,0,0,0,0,0,attack,3,25,10,5,0,0,0,0,-1,2,64,0,6,0,0,0,,18,6668,-1,-1,0,0,0,0,0,0,0,0,0,\N
10138,テーベ ホルス(6セル遠距離特殊攻撃),-1,0,0,10,0,0,0,0,0,0,attack,3,100,20,5,0,0,0,0,-1,2,64,0,6,0,0,0,,18,6572,-1,-1,0,0,0,0,0,0,0,0,0,\N
10139,テーベ アヌビス(6セル遠距離特殊攻撃),-1,0,0,10,0,0,0,0,0,0,attack,3,100,20,5,0,0,0,0,-1,2,64,0,6,0,0,0,,18,6598,-1,-1,0,0,0,0,0,0,0,0,0,\N
10140,テーベ ホルス(4セル範囲特殊攻撃),-1,0,0,0,0,0,0,0,0,0,none,3,80,10,10,0,0,0,0,-1,2,64,0,4,3,0,0,,19,2510,-1,-1,0,0,0,0,0,0,0,0,0,\N
10141,テーベ アヌビス(4セル範囲特殊攻撃),-1,0,0,0,0,0,0,0,0,0,none,3,80,10,10,0,0,0,0,-1,1,64,0,4,3,0,0,,19,2510,-1,-1,0,0,0,0,0,0,0,0,0,\N
10142,ケルベロス(炎),-1,0,0,0,0,0,0,0,0,0,attack,2,10,8,5,0,0,0,0,-1,2,64,0,2,2,0,0,,30,2510,-1,-1,0,0,0,0,0,0,0,0,0,\N
10143,ホーンケルベロスの炎,-1,0,0,0,0,0,0,0,0,0,attack,2,10,8,3,0,0,0,0,-1,2,64,0,2,2,0,0,,18,1783,-1,-1,0,0,0,0,0,0,0,0,0,\N
10144,ホーンケルベロスの炎(大空洞),-1,0,0,0,0,0,0,0,0,0,attack,2,10,8,3,0,0,0,0,-1,2,64,0,2,2,0,0,,1,1783,-1,-1,0,0,0,0,0,0,0,0,0,\N
10145,ハイネ ガード(10セル遠距離攻撃),-1,0,0,0,0,0,0,0,0,0,attack,3,8,5,3,0,0,0,0,-1,0,64,0,10,0,0,0,,18,1662,-1,-1,0,0,0,0,0,0,0,0,0,\N
10146,チェイサー(テーベ武器),-1,0,0,0,0,0,0,0,0,0,attack,3,10,15,5,0,0,0,0,-1,1,64,0,1,0,0,1,$1436,18,7025,-1,-1,0,0,0,0,0,0,0,0,0,\N
10147,チェイサー(ククルカン武器),-1,0,0,0,0,0,0,0,0,0,attack,3,10,15,5,0,0,0,0,-1,4,64,0,1,0,0,1,$1436,18,7179,-1,-1,0,0,0,0,0,0,0,0,0,\N
10148,落石(ハロウィン武器),-1,0,0,0,0,0,0,0,0,0,attack,3,10,10,2,0,0,0,0,-1,1,64,0,1,0,0,1,$1436,18,2750,-1,-1,0,0,0,0,0,0,0,0,0,\N
10149,フローズン クラウド(フリージングランサー用),-1,0,0,0,0,0,0,0,0,0,attack,3,10,15,5,0,0,0,0,-1,4,64,0,1,0,0,1,$1436,18,1804,-1,-1,0,0,0,0,0,0,0,0,0,\N
10150,サファイア キーリンク,-1,0,0,0,0,0,0,0,0,0,attack,3,16,5,2,0,0,0,0,-1,1,64,0,1,0,0,1,$1436,18,7025,-1,-1,0,0,0,0,0,0,0,0,0,\N
10151,ダークストーン キーリンク,-1,0,0,0,0,0,0,0,0,0,attack,3,14,5,2,0,0,0,0,-1,1,64,0,1,0,0,1,$1436,18,7025,-1,-1,0,0,0,0,0,0,0,0,0,\N
10152,スーパーモンキー(遠距離魔法),-1,0,0,10,0,0,0,0,0,0,attack,3,10,5,5,0,0,0,0,-1,0,64,0,6,0,0,0,,18,7288,-1,-1,0,0,0,0,0,0,0,0,0,\N
10153,シェルマン(8セル遠距離特殊攻撃),-1,0,0,0,0,0,0,0,0,0,attack,3,50,10,5,0,0,0,0,-1,0,64,0,8,0,0,0,,1,5773,-1,-1,0,0,0,0,0,0,0,0,0,\N
10154,シェルマン(12セル遠距離特殊攻撃),-1,0,0,0,0,0,0,0,0,0,attack,3,50,10,5,0,0,0,0,-1,4,64,0,12,0,0,0,,18,5771,-1,-1,0,0,0,0,0,0,0,0,0,\N
10155,ジャイアント ヒドラ(8セル遠距離特殊攻撃),-1,0,0,0,0,0,0,0,0,0,attack,3,30,10,5,0,0,0,0,-1,4,64,0,8,0,0,0,,18,5806,-1,-1,0,0,0,0,0,0,0,0,0,\N
10156,パーサズ(緑トルネード),-1,0,0,10,0,0,0,0,0,0,none,3,20,10,5,0,0,0,0,-1,8,64,0,0,4,0,0,,18,5893,-1,-1,0,0,0,0,0,0,0,0,0,\N
10157,デーモンの分身(6セル遠距離特殊攻撃),-1,0,0,10,0,0,0,0,0,0,attack,3,30,10,5,0,0,0,0,-1,0,64,0,6,0,0,0,,18,4848,-1,-1,0,0,0,0,0,0,0,0,0,\N
10158,バルログの分身(4セル範囲特殊攻撃),-1,0,0,10,0,0,0,0,0,0,none,3,30,10,5,0,0,0,0,-1,0,64,0,0,4,0,0,,18,5902,-1,-1,0,0,0,0,0,0,0,0,0,\N
10159,ハーディンの分身(6セル遠距離魔法),-1,0,0,10,0,0,0,0,0,0,attack,0,30,10,10,0,0,0,0,-1,0,0,0,6,0,0,0,,18,7467,-1,-1,0,0,0,0,0,0,0,0,0,\N
10160,ハーディンの分身(4セル範囲魔法),-1,0,0,10,0,0,0,0,0,0,none,0,20,10,10,0,0,0,0,-1,0,0,0,0,4,0,0,,19,7468,-1,-1,0,0,0,0,0,0,0,0,0,\N
10161,イビルリバース,-1,0,0,0,0,0,0,0,0,0,attack,3,0,2,3,0,0,0,0,-1,4,64,0,1,0,0,1,,18,8150,-1,-1,0,0,0,0,0,0,0,0,0,\N
10162,ゴールド ドラゴン(近距離魔法),-1,0,0,20,0,0,0,0,0,0,attack,3,7,4,4,0,0,0,0,-1,2,64,0,2,0,0,0,,18,6398,-1,-1,0,0,0,0,0,0,0,0,0,\N
10163,ゴールド ドラゴン(遠距離魔法),-1,0,0,45,0,0,0,0,0,0,attack,3,7,4,4,0,0,0,0,-1,2,64,0,6,0,0,0,,18,171,-1,-1,0,0,0,0,0,0,0,0,0,\N
11001,紅蓮(火炎魔方陣),-1,0,0,5,0,0,0,0,0,0,none,3,20,3,3,0,0,0,0,-1,2,64,0,0,2,0,0,,18,2527,-1,-1,0,0,0,0,0,0,0,0,0,\N
11002,ファイアー ボール(最果てMOB),-1,0,0,5,0,0,0,0,0,0,attack,3,20,3,3,0,0,0,0,-1,2,64,0,6,3,0,0,,18,171,-1,-1,0,0,0,0,0,0,0,0,0,\N
11003,業火(炎),-1,0,0,5,0,0,0,0,0,0,attack,3,20,3,3,0,0,0,0,-1,2,64,0,2,2,0,0,,18,2510,-1,-1,0,0,0,0,0,0,0,0,0,\N
11004,爆炎(広範囲魔法),-1,0,0,5,0,0,0,0,0,0,none,3,20,3,3,0,0,0,0,-1,2,64,0,0,6,0,0,,30,2510,-1,-1,0,0,0,0,0,0,0,0,0,\N
11005,灼熱(槍投げ),-1,0,0,5,0,0,0,0,0,0,attack,3,20,3,3,0,0,0,0,-1,2,64,0,6,2,0,0,,18,1776,-1,-1,0,0,0,0,0,0,0,0,0,\N
11006,焦熱(アースクエイク),-1,0,0,5,0,0,0,0,0,0,none,3,20,3,3,0,0,0,0,-1,2,64,0,0,4,0,0,,19,245,-1,-1,0,0,0,0,0,0,0,0,0,\N
11007,炎帝(遠距離火炎),-1,0,0,5,0,0,0,0,0,0,attack,3,40,5,5,0,0,0,0,-1,2,64,0,8,3,0,0,,18,1794,-1,-1,0,0,0,0,0,0,0,0,0,\N
11008,サン バースト(最果て),-1,0,0,5,0,0,0,0,0,0,attack,3,20,3,3,0,0,0,0,-1,2,64,0,3,0,0,0,,18,1811,-1,-1,0,0,0,0,0,0,0,0,0,\N
11009,邪炎(広範囲魔法),-1,0,0,5,0,0,0,0,0,0,none,3,20,3,3,0,0,0,0,-1,2,64,0,0,3,0,0,,18,2552,-1,-1,0,0,0,0,0,0,0,0,0,\N
45546,ブラックエルダー(ディケイポーション),-1,0,0,50,0,0,0,0,500,16,none,3,0,0,0,0,10,0,0,-1,0,1,0,3,0,0,0,,19,2232,-1,5010,0,0,280,0,0,0,0,0,1,L1MarkerSkill
90518,ゼブ レクイ雄 フリージングブレス,-1,0,0,0,0,0,0,0,0,0,attack,3,100,10,5,0,0,0,0,-1,4,64,0,0,5,0,0,,30,-1,-1,-1,0,0,0,0,0,0,0,0,0,\N
90519,ゼブ レクイ雌 地割れ,-1,0,0,0,0,0,0,0,0,0,attack,3,100,10,10,0,0,0,0,-1,1,64,0,0,-1,0,0,,19,-1,-1,-1,0,0,0,0,0,0,0,0,0,\N
91202,アンタラス(メテオ),-1,0,0,0,0,0,0,0,0,0,attack,3,1000,10,10,0,0,0,0,-1,1,64,0,0,10,0,0,,30,-1,-1,-1,0,0,0,0,0,1,0,0,0,\N
91420,ファウスト(範囲),-1,0,0,50,0,0,0,0,5000,0,attack,3,50,5,5,0,0,0,0,-1,1,64,0,4,4,0,0,,18,5010,-1,-1,0,0,0,0,0,0,0,0,0,\N
91432,子フェニックス(遠距離火炎),-1,0,0,5,0,0,0,0,0,0,attack,3,100,10,10,0,0,0,0,-1,2,64,0,6,2,0,0,,18,8179,-1,-1,0,0,0,0,0,0,0,0,0,\N
91598,落下衝撃(風竜),-1,0,0,50,0,0,0,0,1500,0,attack,3,100,100,10,0,0,0,0,-1,8,64,0,-1,-1,0,0,,11,7985,-1,-1,0,0,0,0,0,1,0,0,0,\N
91599,真の力(風竜),-1,0,0,100,0,0,0,0,0,0,attack,3,500,10,50,0,0,0,0,-1,8,64,0,-1,-1,1,0,,30,-1,-1,-1,0,0,0,0,0,0,0,0,0,\N
91600,スモールイラプション(風竜),-1,0,0,50,0,0,0,0,400,0,attack,3,100,10,5,0,0,0,0,-1,8,64,0,-1,0,1,0,,0,7980,-1,-1,0,0,0,0,0,1,0,0,0,\N
91601,イラプション(風竜),-1,0,0,80,0,0,0,0,400,0,attack,3,150,10,5,0,0,0,0,-1,8,64,0,-1,0,1,0,,0,10145,-1,-1,0,0,0,0,0,1,0,0,0,\N
91602,範囲矢(風竜),-1,0,0,50,0,0,0,0,1500,0,attack,3,200,50,10,0,0,0,0,-1,8,64,0,-1,-1,0,0,,19,7987,-1,-1,0,0,0,0,0,1,0,0,0,\N
91603,落雷(風竜：小),-1,0,0,50,0,0,0,0,1500,0,attack,3,150,10,7,0,0,0,0,-1,8,64,0,-1,-1,0,0,,19,7977,-1,-1,0,0,0,0,0,1,0,0,0,\N
91604,トルネード(風竜),-1,0,0,50,0,0,0,0,1500,0,attack,3,300,10,10,0,0,0,0,-1,8,64,0,-1,-1,0,0,,55,8077,-1,-1,0,0,0,0,0,1,0,0,0,\N
91605,小竜,-1,0,0,50,0,0,0,0,1500,0,attack,3,200,10,5,0,0,0,0,-1,8,64,0,-1,0,0,0,,51,8032,-1,-1,0,0,0,0,0,1,0,0,0,\N
91606,ウェザー(風竜),-1,0,0,100,0,0,0,0,1500,0,attack,3,500,50,10,0,0,0,0,-1,8,64,0,-1,-1,0,0,,20,-1,-1,-1,0,0,0,0,0,1,0,0,0,\N
91607,コートロット(遠距離魔法),-1,0,0,20,0,0,0,0,500,0,attack,3,30,3,2,0,0,0,0,-1,8,64,0,6,0,0,0,,18,7937,-1,7938,0,0,0,0,0,0,0,0,0,\N
91608,ガルーダ系(遠距離攻撃),-1,0,0,20,0,0,0,0,500,0,attack,3,30,4,2,0,0,0,0,-1,0,64,0,8,0,0,0,,18,7944,-1,7945,0,0,0,0,0,0,0,0,0,\N
91609,ガルーダ系(回転),-1,0,0,0,0,0,0,0,500,0,attack,3,50,4,2,0,0,0,0,-1,0,64,0,4,4,0,0,,19,7946,-1,-1,0,0,0,0,0,0,0,0,0,\N
91610,ゴーレム系(回転),-1,0,0,0,0,0,0,0,800,0,attack,3,30,3,2,0,0,0,0,-1,0,64,0,3,3,0,0,,19,-1,-1,-1,0,0,0,0,0,0,0,0,0,\N
91611,メタルゴーレム(水)(遠距離魔法),-1,0,0,20,0,0,0,0,500,0,attack,3,10,2,1,0,0,0,0,-1,1,64,0,6,0,0,0,,18,8007,-1,8006,0,0,0,0,0,0,0,0,0,\N
91612,メタルゴーレム(風)(遠距離魔法),-1,0,0,20,0,0,0,0,500,0,attack,3,10,2,1,0,0,0,0,-1,2,64,0,6,0,0,0,,18,8008,-1,8028,0,0,0,0,0,0,0,0,0,\N
91613,メタルゴーレム(火)(遠距離魔法),-1,0,0,20,0,0,0,0,500,0,attack,3,10,2,1,0,0,0,0,-1,4,64,0,6,0,0,0,,18,8009,-1,8029,0,0,0,0,0,0,0,0,0,\N
91614,メタルゴーレム(地)(遠距離魔法),-1,0,0,20,0,0,0,0,500,0,attack,3,10,2,1,0,0,0,0,-1,8,64,0,6,0,0,0,,18,8010,-1,8030,0,0,0,0,0,0,0,0,0,\N
91615,雲の大精霊(強魔法),-1,0,0,50,0,0,0,0,1000,0,attack,3,50,3,3,3,0,0,0,-1,8,64,0,-1,3,0,0,,1,8089,-1,8090,0,0,0,0,0,0,0,0,0,\N
91640,シャスキ(範囲),-1,0,0,25,0,0,0,0,0,0,attack,3,150,3,3,0,0,0,0,-1,8,64,0,0,5,0,0,,30,4627,-1,-1,0,0,0,0,0,1,0,0,0,\N
91642,ビッグフットマヨ(アイスイラプション),-1,0,0,50,0,0,0,0,400,0,attack,3,100,10,5,0,0,0,0,-1,1,64,0,8,0,0,0,,18,10895,-1,-1,0,0,0,0,0,0,0,0,0,\N
99001,鳴釜(頭突き),-1,0,0,0,0,0,0,0,0,0,attack,3,10,5,5,0,0,0,0,-1,0,64,0,1,0,0,0,,1,-1,-1,-1,0,0,0,0,0,0,0,0,0,\N
99002,怒った鳴釜(範囲攻撃),-1,0,0,5,0,0,0,0,1000,0,attack,3,20,5,5,0,0,0,0,-1,2,64,0,3,3,0,0,,19,10580,-1,-1,0,0,0,0,0,0,0,0,0,\N
99003,鎌鼬(範囲),-1,0,0,15,0,0,0,0,3000,0,attack,3,80,10,5,50,50,0,0,-1,8,64,0,3,3,0,0,,19,10607,-1,-1,0,0,0,0,0,0,0,0,0,\N
99005,河童(特殊),-1,0,0,20,0,0,0,0,0,0,attack,3,20,5,5,0,0,0,0,-1,4,64,0,2,2,0,0,,19,-1,-1,-1,0,0,0,0,0,0,0,0,0,\N
99007,牛鬼(遠距離攻撃),-1,0,0,0,0,0,0,0,0,0,attack,3,0,0,0,0,0,0,0,-1,0,0,0,1,0,0,0,,1,-1,-1,-1,0,0,0,0,0,0,0,0,0,\N
99024,コマ ユーム,-1,0,0,0,0,0,0,0,0,0,attack,3,50,3,3,0,0,0,0,-1,1,64,0,8,0,0,0,,18,7484,-1,-1,0,0,0,0,0,0,0,0,0,\N
99025,コマ シーン,-1,0,0,0,0,0,0,0,0,0,attack,3,50,3,3,0,0,0,0,-1,1,64,0,8,0,0,0,,18,7491,-1,-1,0,0,0,0,0,0,0,0,0,\N
99029,コマクーム(遠距離攻撃),-1,0,0,10,0,0,0,0,400,0,attack,3,30,5,3,0,0,0,0,-1,2,64,0,6,0,0,0,,18,7512,-1,-1,0,0,0,0,0,0,0,0,0,\N
99047,セファール(4セル範囲),-1,0,0,0,0,0,0,0,400,0,attack,3,50,4,5,0,0,0,0,-1,0,64,0,0,0,0,0,,30,2510,-1,-1,0,0,0,0,0,0,0,0,0,\N
99059,オルクス(強打),-1,0,0,0,0,0,0,0,400,0,attack,3,70,4,4,0,0,0,0,-1,1,64,0,2,0,0,0,,30,1812,-1,-1,0,0,0,0,0,0,0,0,0,\N
99060,オルクス(雄叫び),-1,0,0,5,0,0,0,0,400,0,attack,3,100,10,10,0,0,0,0,-1,1,64,0,2,4,0,0,,19,245,-1,-1,0,0,0,0,0,0,0,0,0,\N
99065,アルフィア(遠距離),-1,0,0,0,0,0,0,0,0,0,attack,3,50,5,5,0,0,0,0,-1,0,64,0,8,0,0,0,,17,10699,-1,10700,0,0,0,0,0,0,0,0,0,\N
99085,シャスキ(範囲),-1,0,0,25,0,0,0,0,0,0,attack,3,75,3,3,0,0,0,0,-1,8,64,0,0,5,0,0,,30,4627,-1,-1,0,0,0,0,0,1,0,0,0,\N
99087,アイスイラプション,-1,0,0,50,0,0,0,0,400,0,attack,3,50,3,5,0,0,0,0,-1,1,64,0,8,0,0,0,,18,10895,-1,-1,0,0,0,0,0,0,0,0,0,\N
